enm_id,column_length,column_width,porosity,darcy_velocity,influent_concentration_enm,influent_pore_volumes,ph,electrolyte_concentration,electrolyte_id,enm_density,enm_isoelectric_point,enm_zeta_potential,collector_zeta_potential,enm_diameter,collector_diameter,collector_coating,concentration_nom,nom_id,hamaker_constant_combined,enm_relative_permittivity,valence,electrolyte_rel_conc,ionic_strength,debye_length,n_dl,n_asp,n_att,n_g,n_Pe,n_Lo,n_por,m_inf,n_z1,n_z2,n_asp_c
C60,0.1,0.02,0.42,9.26e-05,10.0,3.0,5.0,0.1,NaCl,1730,3.0,-24.4,-52.34,1.36e-07,0.000509,None,0.0,None,1e-20,4.4,"[1, -1]","[1, 1]",0.1,7.20202400726e-09,18.8835804856,0.000267190569745,0.692951039143,89248.5989229,13120.7236024,0.40488362522,33.6391419474,0.791681348705,9.80393402552,0.765912418591,5.0
C60,0.1,0.02,0.42,9.26e-05,10.0,3.0,5.0,1.0,NaCl,1730,3.0,-22.0,-45.46,1.88e-07,0.000509,None,0.0,None,1e-20,4.4,"[1, -1]","[1, 1]",1.0,2.27747996262e-09,82.5473782804,0.000369351669941,0.362630783726,170545.1168,18137.4708621,0.40488362522,33.6391419474,0.791681348705,10.3654753317,0.784219753411,5.0
C60,0.1,0.02,0.42,9.26e-05,10.0,3.0,5.0,10.0,NaCl,1730,3.0,-18.7,-42.87,3.32e-07,0.000509,None,0.0,None,1e-20,4.4,"[1, -1]","[1, 1]",10.0,7.20202400726e-10,460.981523618,0.000652259332024,0.11627977954,531862.974031,32030.0017352,0.40488362522,33.6391419474,0.791681348705,15.6992363807,0.73294550115,5.0
C60,0.1,0.02,0.42,9.26e-05,10.0,3.0,7.0,0.01,NaCl,1730,3.0,-37.5,-67.58,1.84e-07,0.000509,None,0.0,None,1e-20,4.4,"[1, -1]","[1, 1]",0.01,2.27747996262e-08,8.07910510829,0.000361493123772,0.378568715146,163365.082457,17751.5672267,0.40488362522,33.6391419474,0.791681348705,23.758535023,0.848525031296,5.0
C60,0.1,0.02,0.42,9.26e-05,10.0,3.0,7.0,1.0,NaCl,1730,3.0,-36.9,-62.21,1.94e-07,0.000509,None,0.0,None,1e-20,4.4,"[1, -1]","[1, 1]",1.0,2.27747996262e-09,85.1818690766,0.000381139489194,0.340546881178,181604.685827,18716.3263151,0.40488362522,33.6391419474,0.791681348705,21.9397217433,0.87755474847,5.0
C60,0.1,0.02,0.42,9.26e-05,10.0,3.0,7.0,10.0,NaCl,1730,3.0,-28.8,-72.87,5.05e-07,0.000509,None,0.0,None,1e-20,4.4,"[1, -1]","[1, 1]",10.0,7.20202400726e-10,701.191775383,0.000992141453831,0.0502571215371,1230570.06598,48720.3339647,0.40488362522,33.6391419474,0.791681348705,67.0208282262,0.683659547607,5.0
TiO2,0.1,0.02,0.42,9.26e-05,50.0,3.0,5.0,0.01,NaCl,4510,6.2,23.7,-52.34,4.53e-07,0.000509,None,0.0,None,1e-20,110.0,"[1, -1]","[1, 1]",0.01,1.13873998131e-07,3.97808110223,0.000889980353635,0.0624574088856,4745878.64599,43703.5867049,0.40488362522,33.6391419474,0.791681348705,32.3260436882,-0.751527278728,5.0
TiO2,0.1,0.02,0.42,9.26e-05,50.0,3.0,5.0,1.0,NaCl,4510,6.2,23.1,-45.46,9.41e-07,0.000509,None,0.0,None,1e-20,110.0,"[1, -1]","[1, 1]",1.0,1.13873998131e-08,82.6351946402,0.00184872298625,0.0144744183331,20478562.6816,90783.8302193,0.40488362522,33.6391419474,0.791681348705,52.8916393211,-0.807720388139,5.0
TiO2,0.1,0.02,0.42,9.26e-05,50.0,3.0,5.0,10.0,NaCl,4510,6.2,21.6,-42.87,1.08e-06,0.000509,None,0.0,None,1e-20,110.0,"[1, -1]","[1, 1]",10.0,3.60101200363e-09,299.915690065,0.00212180746562,0.0109883594136,26975390.225,104193.981548,0.40488362522,33.6391419474,0.791681348705,53.7982415401,-0.803674054587,5.0
TiO2,0.1,0.02,0.42,9.26e-05,50.0,3.0,7.0,0.01,NaCl,4510,6.2,-22.71,-67.58,4.65e-07,0.000509,None,0.0,None,1e-20,110.0,"[1, -1]","[1, 1]",0.01,1.13873998131e-07,4.08346073408,0.000913555992141,0.0592753956295,5000646.22034,44861.297611,0.40488362522,33.6391419474,0.791681348705,51.0908419307,0.60389613954,5.0
TiO2,0.1,0.02,0.42,9.26e-05,50.0,3.0,7.0,1.0,NaCl,4510,6.2,-20.8,-62.21,9.56e-07,0.000509,None,0.0,None,1e-20,110.0,"[1, -1]","[1, 1]",1.0,1.13873998131e-08,83.9524400383,0.00187819253438,0.0140237636115,21136642.8675,92230.9688519,0.40488362522,33.6391419474,0.791681348705,88.9177437248,0.601464546611,5.0
TiO2,0.1,0.02,0.42,9.26e-05,50.0,3.0,7.0,10.0,NaCl,4510,6.2,-15.7,-58.78,1.15e-06,0.000509,None,0.0,None,1e-20,110.0,"[1, -1]","[1, 1]",10.0,3.60101200363e-09,319.354669976,0.00225933202358,0.00969135910775,30585522.6103,110947.295167,0.40488362522,33.6391419474,0.791681348705,92.0177977736,0.498622965814,5.0
TiO2,0.15,0.025,0.37,5.1e-05,20.0,4.0,6.0,0.003,NaCl,4510,5.9,-47.53,-55.4,8.45e-08,0.000275,None,0.0,None,4.5e-20,110.0,"[1, -1]","[1, 1]",0.003,2.07904524965e-07,0.406436560311,0.000307272727273,14.6662901829,299829.564119,2425.77037761,1.82197631349,45.9547236374,2.72434987928,9.7326080448,0.988375775668,6.0
TiO2,0.15,0.025,0.37,5.1e-05,20.0,4.0,6.0,0.01,NaCl,4510,5.9,-43.07,-53.11,8.45e-08,0.000275,None,0.0,None,4.5e-20,110.0,"[1, -1]","[1, 1]",0.01,1.13873998131e-07,0.742048240925,0.000307272727273,14.6662901829,299829.564119,2425.77037761,1.82197631349,45.9547236374,2.72434987928,8.54063400635,0.978441374623,6.0
TiO2,0.15,0.025,0.37,5.1e-05,20.0,4.0,6.0,0.1,NaCl,4510,5.9,-35.17,-54.11,8.45e-08,0.000275,None,0.0,None,4.5e-20,110.0,"[1, -1]","[1, 1]",0.1,3.60101200363e-08,2.34656257504,0.000307272727273,14.6662901829,299829.564119,2425.77037761,1.82197631349,45.9547236374,2.72434987928,7.6074672638,0.91386818305,6.0
TiO2,0.15,0.025,0.37,5.1e-05,20.0,4.0,6.0,0.56,NaCl,4510,5.9,-31.6,-53.89,8.45e-08,0.000275,None,0.0,None,4.5e-20,110.0,"[1, -1]","[1, 1]",0.56,1.5217053081e-08,5.552980564,0.000307272727273,14.6662901829,299829.564119,2425.77037761,1.82197631349,45.9547236374,2.72434987928,7.12866228619,0.872691955381,6.0
TiO2,0.15,0.025,0.37,5.1e-05,20.0,4.0,6.0,0.75,NaCl,4510,5.9,-29.77,-53.4,8.45e-08,0.000275,None,0.0,None,4.5e-20,110.0,"[1, -1]","[1, 1]",0.75,1.31490366949e-08,6.42632627474,0.000307272727273,14.6662901829,299829.564119,2425.77037761,1.82197631349,45.9547236374,2.72434987928,6.82749373261,0.850614004783,6.0
TiO2,0.15,0.025,0.37,5.1e-05,20.0,4.0,6.0,0.8,NaCl,4510,5.9,-29.23,-52.87,8.45e-08,0.000275,None,0.0,None,4.5e-20,110.0,"[1, -1]","[1, 1]",0.8,1.27315000345e-08,6.63708123717,0.000307272727273,14.6662901829,299829.564119,2425.77037761,1.82197631349,45.9547236374,2.72434987928,6.66641837152,0.846874989896,6.0
TiO2,0.15,0.025,0.37,0.37,20.0,4.0,6.0,1.0,NaCl,4510,5.9,-28.5,-52.11,8.45e-08,0.000275,None,0.0,None,4.5e-20,110.0,"[1, -1]","[1, 1]",1.0,1.13873998131e-08,7.42048240925,0.000307272727273,0.00202156972792,41.3278588381,17598726.269,1.82197631349,45.9547236374,2.72434987928,6.44370508173,0.841984361435,6.0
TiO2,0.15,0.025,0.37,5.1e-05,20.0,4.0,6.0,0.02,CaCl2,4510,5.9,-28.53,-27.77,8.45e-08,0.000275,None,0.0,None,4.5e-20,110.0,"[2, -1]","[1, 2]",0.06,4.64888650652e-08,1.8176395548,0.000307272727273,14.6662901829,299829.564119,2425.77037761,1.82197631349,45.9547236374,2.72434987928,2.89540738779,0.999635614356,6.0
TiO2,0.15,0.025,0.37,5.1e-05,20.0,4.0,6.0,0.03,CaCl2,4510,5.9,-25.53,-26.2,8.45e-08,0.000275,None,0.0,None,4.5e-20,110.0,"[2, -1]","[1, 2]",0.09,3.79579993769e-08,2.22614472277,0.000307272727273,14.6662901829,299829.564119,2425.77037761,1.82197631349,45.9547236374,2.72434987928,2.44439597488,0.999664554634,6.0
TiO2,0.15,0.025,0.37,5.1e-05,20.0,4.0,6.0,0.04,CaCl2,4510,5.9,-23.53,-25.33,8.45e-08,0.000275,None,0.0,None,4.5e-20,110.0,"[2, -1]","[1, 2]",0.12,3.28725917373e-08,2.5705305099,0.000307272727273,14.6662901829,299829.564119,2425.77037761,1.82197631349,45.9547236374,2.72434987928,2.18328131627,0.997289314931,6.0
TiO2,0.15,0.025,0.37,5.1e-05,20.0,4.0,6.0,0.06,CaCl2,4510,5.9,-20.27,-24.8,8.45e-08,0.000275,None,0.0,None,4.5e-20,110.0,"[2, -1]","[1, 2]",0.18,2.68403587597e-08,3.14824405875,0.000307272727273,14.6662901829,299829.564119,2425.77037761,1.82197631349,45.9547236374,2.72434987928,1.87393379025,0.979997424733,6.0
TiO2,0.1,0.015,0.46,0.00019,100.0,6.0,5.0,1.0,KCl,4510,6.2,44.12,-14.8,2.9e-07,0.000275,None,0.0,None,1e-20,110.0,"[1, -1]","[1, 1]",1.0,1.13873998131e-08,25.4667443631,0.00105454545455,0.0742748454904,947924.190671,31015.1868677,0.40488362522,26.6975437361,0.731598389205,13.5758231267,-0.603039950233,6.66666666667
TiO2,0.1,0.015,0.46,0.00019,200.0,6.0,5.0,1.0,KCl,4510,6.2,44.12,-14.8,2.87e-07,0.000275,None,0.0,None,1e-20,110.0,"[1, -1]","[1, 1]",1.0,1.13873998131e-08,25.2032952835,0.00104363636364,0.0758357453137,928413.408578,30694.340107,0.40488362522,26.6975437361,0.731598389205,13.4353835771,-0.603039950233,6.66666666667
TiO2,0.1,0.015,0.46,0.00019,100.0,6.0,7.0,1.0,KCl,4510,6.2,-27.04,-41.7,1.19e-06,0.000275,None,0.0,None,1e-20,110.0,"[1, -1]","[1, 1]",1.0,1.13873998131e-08,104.501468249,0.00432727272727,0.00441106878451,15961420.2902,127269.215078,0.40488362522,26.6975437361,0.731598389205,63.5389494471,0.912991453296,6.66666666667
TiO2,0.1,0.015,0.46,0.00019,200.0,6.0,7.0,1.0,KCl,4510,6.2,-27.04,-41.7,1.35e-06,0.000275,None,0.0,None,1e-20,110.0,"[1, -1]","[1, 1]",1.0,1.13873998131e-08,118.552085828,0.00490909090909,0.00342744280151,20542114.5957,144381.042315,0.40488362522,26.6975437361,0.731598389205,72.0820014736,0.912991453296,6.66666666667
TiO2,0.1,0.015,0.46,0.00095,100.0,6.0,5.0,1.0,KCl,4510,6.2,33.35,-14.8,2.9e-07,0.000275,None,0.0,None,1e-20,110.0,"[1, -1]","[1, 1]",1.0,1.13873998131e-08,25.4667443631,0.00105454545455,0.0148549690981,189584.838134,155075.934339,0.40488362522,26.6975437361,0.731598389205,8.3454303939,-0.741521675853,6.66666666667
TiO2,0.1,0.015,0.46,0.00095,200.0,6.0,5.0,1.0,KCl,4510,6.2,33.35,-14.8,2.87e-07,0.000275,None,0.0,None,1e-20,110.0,"[1, -1]","[1, 1]",1.0,1.13873998131e-08,25.2032952835,0.00104363636364,0.0151671490627,185682.681716,153471.700535,0.40488362522,26.6975437361,0.731598389205,8.25909835535,-0.741521675853,6.66666666667
TiO2,0.1,0.015,0.46,0.00095,100.0,6.0,7.0,1.0,KCl,4510,6.2,-21.62,-22.3,1.19e-06,0.000275,None,0.0,None,1e-20,110.0,"[1, -1]","[1, 1]",1.0,1.13873998131e-08,104.501468249,0.00432727272727,0.000882213756902,3192284.05805,636346.07539,0.40488362522,26.6975437361,0.731598389205,24.8160562688,0.999520687159,6.66666666667
TiO2,0.1,0.015,0.46,0.00095,200.0,6.0,7.0,1.0,KCl,4510,6.2,-21.62,-22.3,1.35e-06,0.000275,None,0.0,None,1e-20,110.0,"[1, -1]","[1, 1]",1.0,1.13873998131e-08,118.552085828,0.00490909090909,0.000685488560301,4108422.91914,721905.211577,0.40488362522,26.6975437361,0.731598389205,28.1526688764,0.999520687159,6.66666666667
TiO2,0.1,0.015,0.46,0.00019,100.0,6.0,5.0,10.0,KCl,4510,6.2,33.35,-9.1,1.07e-06,0.000275,None,0.0,None,1e-20,110.0,"[1, -1]","[1, 1]",10.0,3.60101200363e-09,297.138692934,0.00389090909091,0.00545594768604,12904618.3817,114435.34465,0.40488362522,26.6975437361,0.731598389205,27.640795435,-0.507910872717,6.66666666667
TiO2,0.1,0.015,0.46,0.00019,200.0,6.0,5.0,10.0,KCl,4510,6.2,33.35,-9.1,1.04e-06,0.000275,None,0.0,None,1e-20,110.0,"[1, -1]","[1, 1]",10.0,3.60101200363e-09,288.807701544,0.00378181818182,0.00577525379599,12191139.1752,111226.877043,0.40488362522,26.6975437361,0.731598389205,26.8658198621,-0.507910872717,6.66666666667
TiO2,0.1,0.015,0.46,0.00019,100.0,6.0,7.0,10.0,KCl,4510,6.2,-21.62,-22.2,1.34e-06,0.000275,None,0.0,None,1e-20,110.0,"[1, -1]","[1, 1]",10.0,3.60101200363e-09,372.117615451,0.00487272727273,0.0034787895443,20238914.1114,143311.553113,0.40488362522,26.6975437361,0.731598389205,27.8152309046,0.999649679817,6.66666666667
TiO2,0.1,0.015,0.46,0.00019,200.0,6.0,7.0,10.0,KCl,4510,6.2,-21.62,-22.2,1.28e-06,0.000275,None,0.0,None,1e-20,110.0,"[1, -1]","[1, 1]",10.0,3.60101200363e-09,355.455632669,0.00465454545455,0.00381256988876,18467051.0582,136894.617899,0.40488362522,26.6975437361,0.731598389205,26.5697728044,0.999649679817,6.66666666667
TiO2,0.1,0.015,0.46,0.00095,100.0,6.0,5.0,10.0,KCl,4510,6.2,33.35,-9.1,1.07e-06,0.000275,None,0.0,None,1e-20,110.0,"[1, -1]","[1, 1]",10.0,3.60101200363e-09,297.138692934,0.00389090909091,0.00109118953721,2580923.67634,572176.72325,0.40488362522,26.6975437361,0.731598389205,27.640795435,-0.507910872717,6.66666666667
TiO2,0.1,0.015,0.46,0.00095,200.0,6.0,5.0,10.0,KCl,4510,6.2,33.35,-9.1,1.04e-06,0.000275,None,0.0,None,1e-20,110.0,"[1, -1]","[1, 1]",10.0,3.60101200363e-09,288.807701544,0.00378181818182,0.0011550507592,2438227.83503,556134.385215,0.40488362522,26.6975437361,0.731598389205,26.8658198621,-0.507910872717,6.66666666667
TiO2,0.1,0.015,0.46,0.00095,100.0,6.0,7.0,10.0,KCl,4510,6.2,-21.62,-22.2,1.34e-06,0.000275,None,0.0,None,1e-20,110.0,"[1, -1]","[1, 1]",10.0,3.60101200363e-09,372.117615451,0.00487272727273,0.00069575790886,4047782.82228,716557.765565,0.40488362522,26.6975437361,0.731598389205,27.8152309046,0.999649679817,6.66666666667
TiO2,0.1,0.015,0.46,0.00095,200.0,6.0,7.0,10.0,KCl,4510,6.2,-21.62,-22.2,1.28e-06,0.000275,None,0.0,None,1e-20,110.0,"[1, -1]","[1, 1]",10.0,3.60101200363e-09,355.455632669,0.00465454545455,0.000762513977752,3693410.21164,684473.089495,0.40488362522,26.6975437361,0.731598389205,26.5697728044,0.999649679817,6.66666666667
TiO2,0.3,0.015,0.38,0.00235,50.0,80.0,4.5,10.0,NaCl,4510,5.8,29.1,-22.2,5e-07,0.0002,None,0.0,None,9.73e-21,110.0,"[1, -1]","[1, 1]",10.0,3.60101200363e-09,138.849856511,0.0025,0.00196560533903,227826.038186,481014.28239,0.393951767339,43.072155102,24.1745554694,14.4793276375,-0.964460866644,20.0
TiO2,0.3,0.015,0.38,0.0005,50.0,80.0,4.5,10.0,NaCl,4510,5.8,29.1,-22.2,5e-07,0.0002,None,0.0,None,9.73e-21,110.0,"[1, -1]","[1, 1]",10.0,3.60101200363e-09,138.849856511,0.0025,0.00923834509342,1070782.37947,102343.464338,0.393951767339,43.072155102,24.1745554694,14.4793276375,-0.964460866644,20.0
TiO2,0.3,0.015,0.38,0.00113,50.0,80.0,4.5,10.0,NaCl,4510,5.8,29.1,-22.2,5e-07,0.0002,None,0.0,None,9.73e-21,110.0,"[1, -1]","[1, 1]",10.0,3.60101200363e-09,138.849856511,0.0025,0.00408776331567,473797.513042,231296.229405,0.393951767339,43.072155102,24.1745554694,14.4793276375,-0.964460866644,20.0
TiO2,0.1,0.02,0.42,4.63e-05,50.0,4.5,5.0,1.0,NaCl,4510,6.4,-45.65,26.16,4.88e-07,0.00051,IronOxide,1.0,SRHA,6.94e-21,110.0,"[1, -1]","[1, 1]",1.0,1.13873998131e-08,42.8543836179,0.000956862745098,0.0747016490819,11015136.0249,23586.3695406,0.280989235903,33.6391419474,1.18752202306,29.2021624669,-0.862780595564,5.0
TiO2,0.1,0.02,0.42,4.63e-05,50.0,4.5,5.0,1.0,NaCl,4510,6.4,-49.18,26.16,5.05e-07,0.00051,IronOxide,10.0,SRHA,6.94e-21,110.0,"[1, -1]","[1, 1]",1.0,1.13873998131e-08,44.3472617357,0.000990196078431,0.0697568846935,11795951.4611,24408.0258566,0.280989235903,33.6391419474,1.18752202306,33.8737061395,-0.829224193994,5.0
TiO2,0.1,0.02,0.42,4.63e-05,50.0,4.5,5.0,10.0,NaCl,4510,6.4,-49.24,23.47,4.92e-07,0.00051,IronOxide,1.0,SRHA,6.94e-21,110.0,"[1, -1]","[1, 1]",10.0,3.60101200363e-09,136.628258807,0.000964705882353,0.0734919257674,11196452.0909,23779.7004385,0.280989235903,33.6391419474,1.18752202306,31.6446432806,-0.776806892879,5.0
TiO2,0.1,0.02,0.42,4.63e-05,50.0,4.5,5.0,10.0,NaCl,4510,6.4,-48.08,23.47,4.83e-07,0.00051,IronOxide,10.0,SRHA,6.94e-21,110.0,"[1, -1]","[1, 1]",10.0,3.60101200363e-09,134.12896139,0.000947058823529,0.0762562723444,10790572.3769,23344.7059183,0.280989235903,33.6391419474,1.18752202306,29.8871023371,-0.788420498208,5.0
TiO2,0.1,0.02,0.42,4.63e-05,50.0,4.5,5.0,0.01,CaCl2,4510,6.4,26.32,33.31,4.54e-07,0.00051,IronOxide,0.0,None,6.94e-21,110.0,"[2, -1]","[1, 2]",0.03,6.57451834745e-08,6.9054488254,0.000890196078431,0.0863094059605,9533709.7593,21943.0569087,0.280989235903,33.6391419474,1.18752202306,17.6876288565,0.972890117813,5.0
TiO2,0.1,0.02,0.42,4.63e-05,50.0,4.5,5.0,0.05,CaCl2,4510,6.4,24.28,30.82,4.63e-07,0.00051,IronOxide,0.0,None,6.94e-21,110.0,"[2, -1]","[1, 2]",0.15,2.94021398884e-08,15.7471531581,0.000907843137255,0.0829865769722,9915444.83393,22378.0514289,0.280989235903,33.6391419474,1.18752202306,15.4069587709,0.972215242549,5.0
TiO2,0.1,0.02,0.42,4.63e-05,50.0,4.5,5.0,0.1,CaCl2,4510,6.4,20.53,27.21,5.36e-07,0.00051,IronOxide,0.0,None,6.94e-21,110.0,"[2, -1]","[1, 2]",0.3,2.07904524965e-08,25.7810646541,0.00105098039216,0.0619213268509,13288617.4727,25906.3403151,0.280989235903,33.6391419474,1.18752202306,13.4619353815,0.961594161112,5.0
TiO2,0.1,0.02,0.42,4.63e-05,50.0,4.5,5.0,0.1,CaCl2,4510,6.4,25.59,27.21,4.68e-07,0.00051,IronOxide,1.0,SRHA,6.94e-21,110.0,"[2, -1]","[1, 2]",0.3,2.07904524965e-08,22.5103325711,0.000917647058824,0.081222831831,10130757.6623,22619.7150512,0.280989235903,33.6391419474,1.18752202306,14.1149513741,0.998119022769,5.0
TiO2,0.1,0.02,0.42,4.63e-05,50.0,4.5,5.0,0.1,CaCl2,4510,6.4,-31.98,27.21,4.68e-07,0.00051,IronOxide,10.0,SRHA,6.94e-21,110.0,"[2, -1]","[1, 2]",0.3,2.07904524965e-08,22.5103325711,0.000917647058824,0.081222831831,10130757.6623,22619.7150512,0.280989235903,33.6391419474,1.18752202306,17.8365538617,-0.987094979339,5.0
TiO2,0.1,0.02,0.42,4.63e-05,50.0,4.5,7.0,1.0,NaCl,4510,6.4,-46.79,23.29,4.72e-07,0.00051,IronOxide,1.0,SRHA,6.94e-21,110.0,"[1, -1]","[1, 1]",1.0,1.13873998131e-08,41.4493218599,0.000925490196078,0.0798520069617,10304673.0725,22813.0459491,0.280989235903,33.6391419474,1.18752202306,27.8718969263,-0.797838599023,5.0
TiO2,0.1,0.02,0.42,4.63e-05,50.0,4.5,7.0,1.0,NaCl,4510,6.4,-48.02,23.29,4.78e-07,0.00051,IronOxide,10.0,SRHA,6.94e-21,110.0,"[1, -1]","[1, 1]",1.0,1.13873998131e-08,41.9762200192,0.000937254901961,0.0778599355708,10568321.4338,23103.0422959,0.280989235903,33.6391419474,1.18752202306,29.4311650485,-0.785288296412,5.0
TiO2,0.1,0.02,0.42,4.63e-05,50.0,4.5,7.0,10.0,NaCl,4510,6.4,-46.54,21.73,4.82e-07,0.00051,IronOxide,1.0,SRHA,6.94e-21,110.0,"[1, -1]","[1, 1]",10.0,3.60101200363e-09,133.851261677,0.000945098039216,0.0765730166447,10745937.1719,23296.3731938,0.280989235903,33.6391419474,1.18752202306,27.4875449732,-0.766680167215,5.0
TiO2,0.1,0.02,0.42,4.63e-05,50.0,4.5,7.0,10.0,NaCl,4510,6.4,-48.88,21.73,5.09e-07,0.00051,IronOxide,10.0,SRHA,6.94e-21,110.0,"[1, -1]","[1, 1]",10.0,3.60101200363e-09,141.349153929,0.000998039215686,0.0686648172539,11983558.0845,24601.3567544,0.280989235903,33.6391419474,1.18752202306,31.4840487945,-0.742395220768,5.0
TiO2,0.1,0.02,0.42,4.63e-05,50.0,4.5,7.0,0.01,CaCl2,4510,6.4,-22.62,27.51,4.64e-07,0.00051,IronOxide,0.0,None,6.94e-21,110.0,"[2, -1]","[1, 2]",0.03,6.57451834745e-08,7.05755122244,0.000909803921569,0.0826292616628,9958322.38321,22426.3841534,0.280989235903,33.6391419474,1.18752202306,12.7228187582,-0.981148782642,5.0
TiO2,0.1,0.02,0.42,4.63e-05,50.0,4.5,7.0,0.05,CaCl2,4510,6.4,-19.04,25.35,5.55e-07,0.00051,IronOxide,0.0,None,6.94e-21,110.0,"[2, -1]","[1, 2]",0.15,2.94021398884e-08,18.8761771118,0.00108823529412,0.0577542391655,14247418.6798,26824.66208,0.280989235903,33.6391419474,1.18752202306,12.0589183211,-0.960387669788,5.0
TiO2,0.1,0.02,0.42,4.63e-05,50.0,4.5,7.0,0.1,CaCl2,4510,6.4,-17.38,24.66,7.74e-07,0.00051,IronOxide,0.0,None,6.94e-21,110.0,"[2, -1]","[1, 2]",0.3,2.07904524965e-08,37.2286269445,0.00151764705882,0.0296953133141,27709720.2923,37409.5287386,0.280989235903,33.6391419474,1.18752202306,15.2284356184,-0.941771517722,5.0
TiO2,0.1,0.02,0.42,4.63e-05,50.0,4.5,7.0,0.1,CaCl2,4510,6.4,-32.37,24.66,4.54e-07,0.00051,IronOxide,1.0,SRHA,6.94e-21,110.0,"[2, -1]","[1, 2]",0.3,2.07904524965e-08,21.836946554,0.000890196078431,0.0863094059605,9533709.7593,21943.0569087,0.280989235903,33.6391419474,1.18752202306,16.2512033781,-0.964102341128,5.0
TiO2,0.1,0.02,0.42,4.63e-05,50.0,4.5,7.0,0.1,CaCl2,4510,6.4,-30.43,24.66,4.56e-07,0.00051,IronOxide,10.0,SRHA,6.94e-21,110.0,"[2, -1]","[1, 2]",0.3,2.07904524965e-08,21.9331445565,0.000894117647059,0.0855539662154,9617892.2185,22039.7223576,0.280989235903,33.6391419474,1.18752202306,15.1218768459,-0.978298097159,5.0
ZnO,0.2,0.04,0.42,9.26e-05,5.0,3.0,8.0,0.1,CaCl2,5610,9.4,-17.9,-50.1,4.24e-07,0.00051,None,0.0,None,6.956e-21,2.0,"[2, -1]","[1, 2]",0.3,2.80338404274e-09,151.245777794,0.00083137254902,0.0495916122027,5459572.71923,40986.1503492,0.281637049703,33.6391419474,12.6669015793,25.9420196281,0.633679807237,5.0
ZnO,0.2,0.04,0.42,9.26e-05,5.0,3.0,8.0,0.3,CaCl2,5610,9.4,-12.8,-47.0,4.37e-07,0.00051,None,0.0,None,6.956e-21,2.0,"[2, -1]","[1, 2]",0.9,1.61853453172e-09,269.997328717,0.000856862745098,0.0466849681118,5799490.15785,42242.8011854,0.281637049703,33.6391419474,12.6669015793,22.4149066469,0.507071694678,5.0
ZnO,0.2,0.04,0.42,9.26e-05,5.0,3.0,8.0,0.5,CaCl2,5610,9.4,-11.0,-40.7,4.57e-07,0.00051,None,0.0,None,6.956e-21,2.0,"[2, -1]","[1, 2]",1.5,1.25371145732e-09,364.517686531,0.000896078431373,0.0426881702826,6342483.4396,44176.1101642,0.281637049703,33.6391419474,12.6669015793,17.5594297878,0.503744043567,5.0
ZnO,0.2,0.04,0.42,9.26e-05,5.0,3.0,8.0,1.0,CaCl2,5610,9.4,-7.8,-34.0,5.07e-07,0.00051,None,0.0,None,6.956e-21,2.0,"[2, -1]","[1, 2]",3.0,8.86507873123e-10,571.906934356,0.000994117647059,0.0346835882472,7806257.27519,49009.382611,0.281637049703,33.6391419474,12.6669015793,13.3360888239,0.435883107064,5.0
ZnO,0.2,0.04,0.42,9.26e-05,5.0,3.0,8.0,1.0,NaCl,5610,9.4,-35.2,-72.3,3.87e-07,0.00051,None,0.0,None,6.956e-21,2.0,"[1, -1]","[1, 1]",1.0,1.53547667756e-09,252.038995874,0.000758823529412,0.0595275502631,4548297.58469,37409.5287386,0.281637049703,33.6391419474,12.6669015793,54.0948439277,0.787142011002,5.0
ZnO,0.2,0.04,0.42,9.26e-05,5.0,3.0,8.0,10.0,NaCl,5610,9.4,-22.3,-67.6,4.83e-07,0.00051,None,0.0,None,6.956e-21,2.0,"[1, -1]","[1, 1]",10.0,4.85560359515e-10,994.727000537,0.000947058823529,0.0382160396562,7084695.733,46689.4118365,0.281637049703,33.6391419474,12.6669015793,52.9041039703,0.595012877315,5.0
ZnO,0.2,0.04,0.42,9.26e-05,5.0,3.0,8.0,20.0,NaCl,5610,9.4,-16.2,-61.4,5.83e-07,0.00051,None,0.0,None,6.956e-21,2.0,"[1, -1]","[1, 1]",20.0,3.43343022889e-10,1698.01033117,0.0011431372549,0.0262302742229,10322004.6723,56355.9567302,0.281637049703,33.6391419474,12.6669015793,50.8181912681,0.493343914294,5.0
ZnO,0.2,0.04,0.42,9.26e-05,5.0,3.0,8.0,5.0,NaCl,5610,9.4,-13.3,-60.3,6.03e-07,0.00051,None,0.0,None,6.956e-21,2.0,"[1, -1]","[1, 1]",5.0,6.86686045777e-10,878.1305572,0.00118235294118,0.0245191446728,11042351.4644,58289.2657089,0.281637049703,33.6391419474,12.6669015793,49.7014297423,0.420663103399,5.0
ZnO,0.2,0.04,0.42,9.26e-05,5.0,3.0,8.0,0.1,CaCl2,5610,9.4,-17.9,-50.2,4.24e-07,0.00051,None,0.0,None,6.96e-21,2.0,"[2, -1]","[1, 2]",0.3,2.80338404274e-09,151.245777794,0.00083137254902,0.0496201295185,5459572.71923,40986.1503492,0.281799003153,33.6391419474,12.6669015793,26.0339489025,0.632702564734,5.0
ZnO,0.2,0.04,0.42,9.26e-05,5.0,3.0,8.0,0.1,CaCl2,5610,9.4,-28.0,-50.2,3.03e-07,0.00051,None,1.0,Alg,1.54e-21,2.0,"[2, -1]","[1, 2]",0.3,2.80338404274e-09,108.083657244,0.000594117647059,0.0214988797686,2788124.73177,29289.6310279,0.0623520782839,33.6391419474,12.6669015793,21.6408825279,0.850837156935,5.0
ZnO,0.2,0.04,0.42,9.26e-05,5.0,3.0,8.0,0.1,CaCl2,5610,9.4,-29.6,-50.2,2.9e-07,0.00051,None,1.0,SRHA,1.54e-21,2.0,"[2, -1]","[1, 2]",0.3,2.80338404274e-09,103.446404623,0.00056862745098,0.0234695678083,2554012.02434,28032.9801917,0.0623520782839,33.6391419474,12.6669015793,21.2901292598,0.875048583711,5.0
ZnO,0.2,0.04,0.42,9.26e-05,5.0,3.0,8.0,0.3,CaCl2,5610,9.4,-14.8,-47.0,4.37e-07,0.00051,None,0.0,None,6.96e-21,2.0,"[2, -1]","[1, 2]",0.9,1.61853453172e-09,269.997328717,0.000856862745098,0.0467118139819,5799490.15785,42242.8011854,0.281799003153,33.6391419474,12.6669015793,22.9363505061,0.572972438675,5.0
ZnO,0.2,0.04,0.42,9.26e-05,5.0,3.0,8.0,0.3,CaCl2,5610,9.4,-19.0,-47.0,3.12e-07,0.00051,None,1.0,Alg,1.54e-21,2.0,"[2, -1]","[1, 2]",0.9,1.61853453172e-09,192.766971533,0.000611764705882,0.0202764490126,2956215.77285,30159.6200683,0.0623520782839,33.6391419474,12.6669015793,17.3330408283,0.694941634241,5.0
ZnO,0.2,0.04,0.42,9.26e-05,5.0,3.0,8.0,0.3,CaCl2,5610,9.4,-13.9,-47.0,3.2e-07,0.00051,None,1.0,SRHA,1.54e-21,2.0,"[2, -1]","[1, 2]",0.9,1.61853453172e-09,197.709714392,0.000627450980392,0.0192752993426,3109760.18183,30932.9436598,0.0623520782839,33.6391419474,12.6669015793,16.6168229106,0.543915810858,5.0
ZnO,0.2,0.04,0.42,9.26e-05,5.0,3.0,8.0,0.5,CaCl2,5610,9.4,-12.9,-40.7,4.57e-07,0.00051,None,0.0,None,6.96e-21,2.0,"[2, -1]","[1, 2]",1.5,1.25371145732e-09,364.517686531,0.000896078431373,0.0427127178216,6342483.4396,44176.1101642,0.281799003153,33.6391419474,12.6669015793,18.0080251142,0.576038180921,5.0
ZnO,0.2,0.04,0.42,9.26e-05,5.0,3.0,8.0,0.5,CaCl2,5610,9.4,-20.5,-40.7,3.05e-07,0.00051,None,1.0,Alg,1.54e-21,2.0,"[2, -1]","[1, 2]",1.5,1.25371145732e-09,243.277668254,0.000598039215686,0.0212178516816,2825053.13393,29482.9619257,0.0623520782839,33.6391419474,12.6669015793,13.69206682,0.803518976858,5.0
ZnO,0.2,0.04,0.42,9.26e-05,5.0,3.0,8.0,0.5,CaCl2,5610,9.4,-14.6,-40.7,3.13e-07,0.00051,None,1.0,SRHA,1.54e-21,2.0,"[2, -1]","[1, 2]",1.5,1.25371145732e-09,249.658721847,0.000613725490196,0.0201470940061,2975196.24271,30256.2855172,0.0623520782839,33.6391419474,12.6669015793,12.6500340375,0.635648383387,5.0
ZnO,0.2,0.04,0.42,9.26e-05,5.0,3.0,8.0,1.0,CaCl2,5610,9.4,-9.8,-34.0,5.07e-07,0.00051,None,0.0,None,6.96e-21,2.0,"[2, -1]","[1, 2]",3.0,8.86507873123e-10,571.906934356,0.000994117647059,0.0347035328063,7806257.27519,49009.382611,0.281799003153,33.6391419474,12.6669015793,13.7218670089,0.532251365771,5.0
ZnO,0.2,0.04,0.42,9.26e-05,5.0,3.0,8.0,1.0,CaCl2,5610,9.4,-11.4,-34.0,3.33e-07,0.00051,None,1.0,Alg,1.54e-21,2.0,"[2, -1]","[1, 2]",3.0,8.86507873123e-10,375.631181737,0.000652941176471,0.0177996974694,3367560.51566,32189.594496,0.0623520782839,33.6391419474,12.6669015793,9.25675429278,0.602818128091,5.0
ZnO,0.2,0.04,0.42,9.26e-05,5.0,3.0,8.0,1.0,CaCl2,5610,9.4,-11.1,-34.0,3.21e-07,0.00051,None,1.0,SRHA,1.54e-21,2.0,"[2, -1]","[1, 2]",3.0,8.86507873123e-10,362.094922935,0.000629411764706,0.0191553910839,3129226.55172,31029.6091087,0.0623520782839,33.6391419474,12.6669015793,8.87633983053,0.590051672517,5.0
ZnO,0.2,0.04,0.42,9.26e-05,5.0,3.0,8.0,10.0,NaCl,5610,9.4,-19.2,-61.4,5.83e-07,0.00051,None,0.0,None,6.96e-21,2.0,"[1, -1]","[1, 1]",10.0,4.85560359515e-10,1200.6746197,0.0011431372549,0.0262453577619,10322004.6723,56355.9567302,0.281799003153,33.6391419474,12.6669015793,52.1565733514,0.569699898516,5.0
ZnO,0.2,0.04,0.42,9.26e-05,5.0,3.0,8.0,10.0,NaCl,5610,9.4,-27.2,-61.4,2.99e-07,0.00051,None,1.0,SRHA,1.54e-21,2.0,"[1, -1]","[1, 1]",10.0,4.85560359515e-10,615.783381285,0.000586274509804,0.0220779482632,2714996.7775,28902.9692321,0.0623520782839,33.6391419474,12.6669015793,29.148453196,0.740644817952,5.0
ZnO,0.2,0.04,0.42,9.26e-05,5.0,3.0,8.0,10.0,NaCl,5610,9.4,-25.9,-61.4,3.19e-07,0.00051,None,1.0,Alg,1.54e-21,2.0,"[1, -1]","[1, 1]",10.0,4.85560359515e-10,656.972905116,0.000625490196078,0.0193963370317,3090354.54945,30836.2782109,0.0623520782839,33.6391419474,12.6669015793,30.62217303,0.716209125895,5.0
ZnO,0.2,0.04,0.42,9.26e-05,5.0,3.0,8.0,1.0,NaCl,5610,9.4,-35.2,-72.3,3.87e-07,0.00051,None,0.0,None,6.96e-21,2.0,"[1, -1]","[1, 1]",1.0,1.53547667756e-09,252.038995874,0.000758823529412,0.0595617811718,4548297.58469,37409.5287386,0.281799003153,33.6391419474,12.6669015793,54.0948439277,0.787142011002,5.0
ZnO,0.2,0.04,0.42,9.26e-05,5.0,3.0,8.0,1.0,NaCl,5610,9.4,-54.7,-72.3,2.87e-07,0.00051,None,1.0,SRHA,1.54e-21,2.0,"[1, -1]","[1, 1]",1.0,1.53547667756e-09,186.912640351,0.000562745098039,0.0239627851823,2501443.71501,27742.9838449,0.0623520782839,33.6391419474,12.6669015793,50.9926989155,0.962313459166,5.0
ZnO,0.2,0.04,0.42,9.26e-05,5.0,3.0,8.0,1.0,NaCl,5610,9.4,-52.3,-72.3,2.99e-07,0.00051,None,1.0,Alg,1.54e-21,2.0,"[1, -1]","[1, 1]",1.0,1.53547667756e-09,194.727803014,0.000586274509804,0.0220779482632,2714996.7775,28902.9692321,0.0623520782839,33.6391419474,12.6669015793,51.4650074171,0.949765025909,5.0
ZnO,0.2,0.04,0.42,9.26e-05,5.0,3.0,8.0,20.0,NaCl,5610,9.4,-15.3,-60.3,6.03e-07,0.00051,None,0.0,None,6.96e-21,2.0,"[1, -1]","[1, 1]",20.0,3.43343022889e-10,1756.2611144,0.00118235294118,0.0245332442385,11042351.4644,58289.2657089,0.281799003153,33.6391419474,12.6669015793,50.4470202728,0.476768522394,5.0
ZnO,0.2,0.04,0.42,9.26e-05,5.0,3.0,8.0,20.0,NaCl,5610,9.4,-21.3,-60.3,3.14e-07,0.00051,None,1.0,SRHA,1.54e-21,2.0,"[1, -1]","[1, 1]",20.0,3.43343022889e-10,914.537296719,0.00061568627451,0.0200189729064,2994237.45008,30352.9509662,0.0623520782839,33.6391419474,12.6669015793,27.7598194748,0.62809735487,5.0
ZnO,0.2,0.04,0.42,9.26e-05,5.0,3.0,8.0,20.0,NaCl,5610,9.4,-19.7,-60.3,3.21e-07,0.00051,None,1.0,Alg,1.54e-21,2.0,"[1, -1]","[1, 1]",20.0,3.43343022889e-10,934.92507085,0.000629411764706,0.0191553910839,3129226.55172,31029.6091087,0.0623520782839,33.6391419474,12.6669015793,27.9234755976,0.590386115929,5.0
ZnO,0.2,0.04,0.42,9.26e-05,5.0,3.0,8.0,5.0,NaCl,5610,9.4,-25.3,-67.6,4.83e-07,0.00051,None,0.0,None,6.96e-21,2.0,"[1, -1]","[1, 1]",5.0,6.86686045777e-10,703.378207509,0.000947058823529,0.0382380155272,7084695.733,46689.4118365,0.281799003153,33.6391419474,12.6669015793,54.3950515723,0.656556330796,5.0
ZnO,0.2,0.04,0.42,9.26e-05,5.0,3.0,8.0,5.0,NaCl,5610,9.4,-34.8,-67.6,2.89e-07,0.00051,None,1.0,SRHA,1.54e-21,2.0,"[1, -1]","[1, 1]",5.0,6.86686045777e-10,420.861908841,0.000566666666667,0.0236322679647,2536428.51706,27936.3147428,0.0623520782839,33.6391419474,12.6669015793,36.113770153,0.813894270689,5.0
ZnO,0.2,0.04,0.42,9.26e-05,5.0,3.0,8.0,5.0,NaCl,5610,9.4,-31.8,-67.6,3.02e-07,0.00051,None,1.0,Alg,1.54e-21,2.0,"[1, -1]","[1, 1]",5.0,6.86686045777e-10,439.793413391,0.000592156862745,0.0216414921788,2769751.63695,29192.9655789,0.0623520782839,33.6391419474,12.6669015793,36.4339290389,0.770356566923,5.0
CuO,0.3,0.015,0.44,0.000261,9.62,6.0,6.55,0.0,NaCl,8940,10.0,-4.14,-58.0,3e-07,0.000256,None,1.0,TRIZMA,1e-20,18.1,"[1, -1]","[1, 1]",2.99578962588e-07,8.43940556028e-06,0.0355475273533,0.001171875,0.0505252344015,1669717.23154,41029.0854794,0.40488362522,29.91460245,2.09936929076,21.9266053326,0.142034951766,20.0
CuO,0.3,0.015,0.44,0.000261,8.65,6.0,8.61,100.0,NaCl,8940,10.0,-36.6,-41.0,3e-07,0.000256,None,1.0,TRIZMA,1e-20,18.1,"[1, -1]","[1, 1]",100.0,4.61920794913e-10,649.461992844,0.001171875,0.0505252344015,1669717.23154,41029.0854794,0.40488362522,29.91460245,2.09936929076,19.5882556885,0.993590592473,20.0
CuO,0.3,0.015,0.44,0.000261,8.57,6.0,8.57,0.0,NaCl,8940,10.0,-16.3,-50.0,3e-07,0.000256,None,1.0,TRIZMA,1e-20,18.1,"[1, -1]","[1, 1]",1.86036768029e-06,3.38663288297e-06,0.0885835608308,0.001171875,0.0505252344015,1669717.23154,41029.0854794,0.40488362522,29.91460245,2.09936929076,17.9354301438,0.589364679339,20.0
CuO,0.3,0.015,0.44,0.000261,4.32,6.0,6.44,0.0,NaCl,8940,10.0,-26.5,-38.0,3e-07,0.000256,None,10.0,SRHA,1e-20,18.1,"[1, -1]","[1, 1]",3.76849198287e-07,7.52460516029e-06,0.0398692015873,0.001171875,0.0505252344015,1669717.23154,41029.0854794,0.40488362522,29.91460245,2.09936929076,13.9183773113,0.938380896913,20.0
CuO,0.3,0.015,0.44,0.000261,5.57,6.0,6.52,0.0,NaCl,8940,10.0,-27.5,-31.0,3e-07,0.000256,None,1.0,SRHA,1e-20,18.1,"[1, -1]","[1, 1]",3.18551728114e-07,8.18422444856e-06,0.0366558861974,0.001171875,0.0505252344015,1669717.23154,41029.0854794,0.40488362522,29.91460245,2.09936929076,11.1363230928,0.992866501674,20.0
CuO,0.3,0.015,0.44,0.000261,4.41,6.0,6.63,0.0,NaCl,8940,10.0,-22.9,-31.0,3e-07,0.000256,None,1.0,SRHA,1e-20,18.1,"[1, -1]","[1, 1]",2.55751857472e-07,9.13393918345e-06,0.0328445366205,0.001171875,0.0505252344015,1669717.23154,41029.0854794,0.40488362522,29.91460245,2.09936929076,9.63284651929,0.955830376798,20.0
CuO,0.3,0.015,0.44,0.000261,11.2,6.0,6.63,0.0,NaCl,8940,10.0,-25.8,-35.0,3e-07,0.000256,None,5.0,SRHA,1e-20,18.1,"[1, -1]","[1, 1]",2.55751857472e-07,9.13393918345e-06,0.0328445366205,0.001171875,0.0505252344015,1669717.23154,41029.0854794,0.40488362522,29.91460245,2.09936929076,12.2607528852,0.955232090721,20.0
CuO,0.3,0.015,0.44,0.000261,7.45,6.0,6.75,0.0,NaCl,8940,10.0,-24.9,-31.0,3e-07,0.000256,None,1.0,SRHA,1e-20,18.1,"[1, -1]","[1, 1]",2.05945007263e-07,1.01786898178e-05,0.0294733413996,0.001171875,0.0505252344015,1669717.23154,41029.0854794,0.40488362522,29.91460245,2.09936929076,10.2528101167,0.97646441199,20.0
CuO,0.3,0.015,0.44,0.000261,4.98,6.0,6.7,0.0,NaCl,8940,10.0,-26.6,-31.0,3e-07,0.000256,None,1.0,FA,1e-20,18.1,"[1, -1]","[1, 1]",2.24585593178e-07,9.7471257079e-06,0.0307783041884,0.001171875,0.0505252344015,1669717.23154,41029.0854794,0.40488362522,29.91460245,2.09936929076,10.8205696664,0.988397180803,20.0
ZnO,0.3,0.015,0.44,9.42e-05,5.035,8.0,7.56,0.0,None,5600,9.5,22.0,-41.0,1.45e-07,0.000256,None,0.0,None,1.89e-20,2.0,"[0, 0]","[0, 0]",2.09081314418e-07,3.35803805489e-06,0.0431799752206,0.00056640625,1.13257312168,626297.301743,7157.29602252,0.765230051666,29.91460245,2.79915905435,6.78598578522,-0.833256351039,20.0
ZnO,0.3,0.015,0.44,9.42e-05,8.19,8.0,7.34,0.0,None,5600,9.5,-26.3,-32.3,1.45e-07,0.000256,None,1.0,FA,1.89e-20,2.0,"[0, 0]","[0, 0]",1.55096900159e-07,3.89889613006e-06,0.0371900135738,0.00056640625,1.13257312168,626297.301743,7157.29602252,0.765230051666,29.91460245,2.79915905435,5.43812915365,0.979250481274,20.0
ZnO,0.3,0.015,0.44,9.42e-05,8.61,8.0,7.52,0.0,None,5600,9.5,-28.7,-32.3,1.45e-07,0.000256,None,1.0,HA,1.89e-20,2.0,"[0, 0]","[0, 0]",1.95765077945e-07,3.47036866637e-06,0.0417823044004,0.00056640625,1.13257312168,626297.301743,7157.29602252,0.765230051666,29.91460245,2.79915905435,5.85187055025,0.99305830807,20.0
ZnO,0.3,0.015,0.44,9.42e-05,8.17,8.0,7.33,0.0,None,5600,9.5,-27.4,-31.4,1.45e-07,0.000256,None,1.0,HA,1.89e-20,2.0,"[0, 0]","[0, 0]",1.53671618604e-07,3.91693524182e-06,0.0370187381328,0.00056640625,1.13257312168,626297.301743,7157.29602252,0.765230051666,29.91460245,2.79915905435,5.44358301751,0.990787231102,20.0
ZnO,0.3,0.015,0.44,9.42e-05,7.405,8.0,7.45,0.0,None,5600,9.5,-22.3,-31.4,1.45e-07,0.000256,None,1.0,FA,1.89e-20,2.0,"[0, 0]","[0, 0]",1.76400485487e-07,3.65589182048e-06,0.0396620050921,0.00056640625,1.13257312168,626297.301743,7157.29602252,0.765230051666,29.91460245,2.79915905435,4.6491055039,0.944169897185,20.0
ZnO,0.3,0.015,0.44,9.42e-05,6.61,8.0,7.39,0.0,None,5600,9.5,-14.1,-46.0,1.45e-07,0.000256,None,0.768496,Citric,1.89e-20,2.0,"[0, 0]","[0, 0]",1.63473473565e-07,3.7976905936e-06,0.0381810988616,0.00056640625,1.13257312168,626297.301743,7157.29602252,0.765230051666,29.91460245,2.79915905435,7.25555092633,0.560391565614,20.0
ZnO,0.3,0.015,0.44,9.42e-05,4.66,8.0,7.62,0.0,None,5600,9.5,15.3,-43.5,1.45e-07,0.000256,None,0.7202792,Oxalic,1.89e-20,2.0,"[0, 0]","[0, 0]",2.32423020925e-07,3.18495758793e-06,0.0455265089085,0.00056640625,1.13257312168,626297.301743,7157.29602252,0.765230051666,29.91460245,2.79915905435,6.66480970649,-0.626005248455,20.0
ZnO,0.3,0.015,0.44,9.42e-05,4.33,8.0,7.54,0.0,None,5600,9.5,23.7,-42.5,1.45e-07,0.000256,None,0.7364064,Formic,1.89e-20,2.0,"[0, 0]","[0, 0]",2.02208740258e-07,3.41462694084e-06,0.0424643753218,0.00056640625,1.13257312168,626297.301743,7157.29602252,0.765230051666,29.91460245,2.79915905435,7.42208183846,-0.850739461304,20.0
MWCNT,0.12,0.03,0.45,0.000237,1.0,2.2,8.5,1.0,KCl,1730,4.7,-7.0,-78.0,1.9e-07,0.00024,None,0.0,None,9.8e-21,10.0,"[1, -1]","[1, 1]",1.0,3.43343022889e-09,55.338244069,0.000791666666667,0.135944575075,68060.2332071,22120.925756,0.396785952716,28.248438455,2.51924314891,25.1891555497,0.178053155063,4.0
MWCNT,0.12,0.03,0.44,0.000242,0.005,3.0,8.5,1.0,KCl,1730,4.7,-7.0,-78.0,1.9e-07,0.00035,None,0.0,None,9.8e-21,10.0,"[1, -1]","[1, 1]",1.0,3.43343022889e-09,55.338244069,0.000542857142857,0.133135802863,66654.0300416,32940.2674319,0.396785952716,29.91460245,3.35899086522,25.1891555497,0.178053155063,4.0
MWCNT,0.12,0.03,0.38,0.000277,0.01,2.5,8.5,1.0,KCl,1730,4.7,-7.0,-78.0,1.9e-07,0.00035,None,0.0,None,9.8e-21,10.0,"[1, -1]","[1, 1]",1.0,3.43343022889e-09,55.338244069,0.000542857142857,0.116313589505,58232.0406862,37704.3556969,0.396785952716,43.072155102,2.41745554694,25.1891555497,0.178053155063,4.0
MWCNT,0.12,0.03,0.43,0.000255,0.005,3.0,8.5,1.0,KCl,1730,4.7,-7.0,-78.0,1.9e-07,0.00035,None,0.0,None,9.8e-21,10.0,"[1, -1]","[1, 1]",1.0,3.43343022889e-09,55.338244069,0.000542857142857,0.126348487423,63255.9814513,34709.7859304,0.396785952716,31.7072905902,3.28265016374,25.1891555497,0.178053155063,4.0
MWCNT,0.12,0.03,0.46,0.000238,1.0,3.2,8.5,1.0,KCl,1730,4.7,-7.0,-78.0,4.51e-08,0.000607,None,0.0,None,9.8e-21,10.0,"[1, -1]","[1, 1]",1.0,3.43343022889e-09,13.1355516185,7.42998352554e-05,2.40263272829,3818.65746434,13336.206129,0.396785952716,26.6975437361,3.74578375273,5.97911008049,0.178053155063,4.0
Ag,0.12,0.03,0.396,0.000117,1.0,2.68,6.5,1.0,KNO3,10500,1.3,-16.9,-55.0,4.51e-08,0.000607,None,0.0,None,2.37e-21,2.65,"[1, -1]","[1, 1]",1.0,1.76746638757e-09,25.5167511626,7.42998352554e-05,1.18195448868,100712.817477,6556.03410545,0.0959574191771,38.9324258825,2.70062865564,3.22753980492,0.561527935939,4.0
Ag,0.12,0.03,0.415,0.000117,10.0,2.56,6.5,1.0,KNO3,10500,1.3,-16.9,-55.0,4.51e-08,0.000607,None,0.0,None,2.37e-21,2.65,"[1, -1]","[1, 1]",1.0,1.76746638757e-09,25.5167511626,7.42998352554e-05,1.18195448868,100712.817477,6556.03410545,0.0959574191771,34.6616324643,2.70347870849,3.22753980492,0.561527935939,4.0
Ag,0.12,0.03,0.429,0.000117,5.0,2.47,6.5,1.0,KNO3,10500,1.3,-16.9,-55.0,4.51e-08,0.000607,None,0.0,None,2.37e-21,2.65,"[1, -1]","[1, 1]",1.0,1.76746638757e-09,25.5167511626,7.42998352554e-05,1.18195448868,100712.817477,6556.03410545,0.0959574191771,31.8939917876,2.69642991705,3.22753980492,0.561527935939,4.0
Ag,0.12,0.03,0.418,0.000117,10.0,2.54,6.5,1.0,KNO3,10500,1.3,-16.9,-55.0,4.51e-08,0.000607,None,0.0,None,2.37e-21,2.65,"[1, -1]","[1, 1]",1.0,1.76746638757e-09,25.5167511626,7.42998352554e-05,1.18195448868,100712.817477,6556.03410545,0.0959574191771,34.0434335061,2.70174831926,3.22753980492,0.561527935939,4.0
Ag,0.12,0.03,0.388,0.000117,10.0,2.73,6.5,2.5,KNO3,10500,1.3,-7.5,-55.4,4.82e-08,0.000607,None,0.0,None,2.37e-21,2.65,"[1, -1]","[1, 1]",2.5,1.11784389451e-09,43.1187218868,7.94069192751e-05,1.03480796195,115033.872044,7006.67059607,0.0959574191771,40.9342259669,2.69543748793,3.25642498543,0.265885115873,4.0
Ag,0.12,0.03,0.403,0.000117,10.0,2.63,6.5,5.0,KNO3,10500,1.3,-3.2,-55.3,6.07e-08,0.000607,None,0.0,None,2.37e-21,2.65,"[1, -1]","[1, 1]",5.0,7.90434998113e-10,76.7931583811,0.0001,0.652493899975,182435.370951,8823.75321953,0.0959574191771,37.283851866,2.69709153647,4.02603735446,0.115346132913,4.0
Ag,0.12,0.03,0.427,5e-06,10.0,2.48,6.5,1.0,KNO3,10500,1.3,-16.9,-55.0,4.51e-08,0.000607,None,0.0,None,2.37e-21,2.65,"[1, -1]","[1, 1]",1.0,1.76746638757e-09,25.5167511626,7.42998352554e-05,27.6577350351,2356679.92897,280.172397669,0.0959574191771,32.2716191467,2.69472497472,3.22753980492,0.561527935939,4.0
Ag,0.12,0.03,0.393,2.33e-05,10.0,2.7,6.5,1.0,KNO3,10500,1.3,-16.9,-55.0,4.51e-08,0.000607,None,0.0,None,2.37e-21,2.65,"[1, -1]","[1, 1]",1.0,1.76746638757e-09,25.5167511626,7.42998352554e-05,5.93513627363,505725.306646,1305.60337314,0.0959574191771,39.6678707703,2.70017061143,3.22753980492,0.561527935939,4.0
Ag,0.12,0.03,0.411,0.000117,10.0,2.58,6.5,5.0,KNO3,10500,1.3,-3.2,-55.3,6.07e-08,0.000607,None,0.0,None,2.37e-21,2.65,"[1, -1]","[1, 1]",5.0,7.90434998113e-10,76.7931583811,0.0001,0.652493899975,182435.370951,8823.75321953,0.0959574191771,35.5085180534,2.69833843459,4.02603735446,0.115346132913,4.0
Ag,0.12,0.03,0.428,0.000117,10.0,2.48,6.5,5.0,KNO3,10500,1.3,-3.2,-55.3,6.07e-08,0.000607,None,0.0,None,2.37e-21,2.65,"[1, -1]","[1, 1]",5.0,7.90434998113e-10,76.7931583811,0.0001,0.652493899975,182435.370951,8823.75321953,0.0959574191771,32.0820967666,2.70103580604,4.02603735446,0.115346132913,4.0
Ag,0.12,0.03,0.403,0.000117,10.0,2.63,6.5,5.0,KNO3,10500,1.3,-3.2,-55.3,6.07e-08,0.000607,None,0.0,None,2.37e-21,2.65,"[1, -1]","[1, 1]",5.0,7.90434998113e-10,76.7931583811,0.0001,0.652493899975,182435.370951,8823.75321953,0.0959574191771,37.283851866,2.69709153647,4.02603735446,0.115346132913,4.0
CeO2,0.15,0.025,0.387,5.11e-05,35.1,6.0,4.0,10.0,NaCl,7220,6.8,32.7,-31.7,1.97e-07,0.000275,None,0.0,None,9.07e-21,26.0,"[1, -1]","[1, 1]",10.0,1.75071277356e-09,112.525596988,0.000716363636364,0.542806810944,2881157.45953,5666.4352385,0.367229448075,41.1937845266,4.27428406736,8.83282672999,-0.999517881765,6.0
CeO2,0.15,0.025,0.387,5.11e-05,43.9,6.0,6.0,10.0,NaCl,7220,6.8,13.4,-45.7,2.19e-06,0.000275,None,0.0,None,9.07e-21,26.0,"[1, -1]","[1, 1]",10.0,1.75071277356e-09,1250.91907312,0.00796363636364,0.00439227487457,356059658.627,62992.3511285,0.367229448075,41.1937845266,4.27428406736,107.370204927,-0.540005731796,6.0
CeO2,0.15,0.025,0.387,5.11e-05,37.2,6.0,8.5,10.0,NaCl,7220,6.8,-32.5,-54.4,6.19e-07,0.000275,None,0.0,None,9.07e-21,26.0,"[1, -1]","[1, 1]",10.0,1.75071277356e-09,353.570276831,0.00225090909091,0.0549789501696,28445648.5184,17804.6873738,0.367229448075,41.1937845266,4.27428406736,53.731531425,0.880563600549,6.0
Fe,0.112,0.016,0.45,0.000155,7.5,18.0,10.0,3.0,NaCl,3800,8.8,-32.4,-30.8,1.07e-07,0.000194,None,0.0,None,2.1e-20,10.0,"[1, -1]","[1, 1]",3.0,1.98229186689e-09,53.9779241327,0.000551546391753,1.40446653337,126214.867815,6585.78146148,0.850255612962,28.248438455,2.91845412386,4.62224798048,0.99871897518,7.0
Fe,0.112,0.016,0.45,0.000155,7.5,18.0,10.0,5.0,NaCl,3800,8.8,-30.1,-28.3,1.07e-07,0.000194,None,0.0,None,2.1e-20,10.0,"[1, -1]","[1, 1]",5.0,1.53547667756e-09,69.6852004097,0.000551546391753,1.40446653337,126214.867815,6585.78146148,0.850255612962,28.248438455,2.91845412386,3.9480159517,0.998101822017,7.0
Fe,0.112,0.016,0.45,0.000155,7.5,18.0,10.0,10.0,NaCl,3800,8.8,-27.2,-22.2,1.07e-07,0.000194,None,0.0,None,2.1e-20,10.0,"[1, -1]","[1, 1]",10.0,1.08574597106e-09,98.549755516,0.000551546391753,1.40446653337,126214.867815,6585.78146148,0.850255612962,28.248438455,2.91845412386,2.85115724608,0.979718986274,7.0
Fe,0.112,0.016,0.45,0.000233,7.5,18.0,10.0,10.0,NaCl,3800,8.8,-27.2,-22.2,1.07e-07,0.000194,None,0.0,None,2.1e-20,10.0,"[1, -1]","[1, 1]",10.0,1.08574597106e-09,98.549755516,0.000551546391753,0.934301771129,83962.6803061,9899.91664855,0.850255612962,28.248438455,2.91845412386,2.85115724608,0.979718986274,7.0
C60,0.15,0.025,0.38,3.24e-05,2.44,3.0,7.0,3.07,CaCl2,1450,3.0,-23.9,-55.0,9.5e-08,0.00036,None,0.0,None,4.71e-21,4.4,"[2, -1]","[1, 2]",9.21,7.50455162653e-10,126.589841376,0.000263888888889,1.91170132047,76915.4280547,2268.09491928,0.190700187479,43.072155102,2.09848571783,7.38508829932,0.731047408244,6.0
C60,0.15,0.025,0.38,3.24e-05,1.34,3.0,7.0,3.07,CaCl2,1450,3.0,-23.9,-55.0,9.5e-08,0.00036,None,0.0,None,4.71e-21,4.4,"[2, -1]","[1, 2]",9.21,7.50455162653e-10,126.589841376,0.000263888888889,1.91170132047,76915.4280547,2268.09491928,0.190700187479,43.072155102,2.09848571783,7.38508829932,0.731047408244,6.0
C60,0.15,0.025,0.38,3.24e-05,1.34,3.0,7.0,3.07,CaCl2,1450,3.0,-23.9,-55.0,9.5e-08,0.00036,None,0.0,None,4.71e-21,4.4,"[2, -1]","[1, 2]",9.21,7.50455162653e-10,126.589841376,0.000263888888889,1.91170132047,76915.4280547,2268.09491928,0.190700187479,43.072155102,2.09848571783,7.38508829932,0.731047408244,6.0
C60,0.15,0.025,0.37,3.16e-05,2.25,4.56,7.0,3.07,CaCl2,1450,3.0,-23.9,-30.0,9.5e-08,0.00036,None,0.0,None,4.71e-21,4.4,"[2, -1]","[1, 2]",9.21,7.50455162653e-10,126.589841376,0.000263888888889,1.96009882226,78862.6540814,2212.0925756,0.190700187479,45.9547236374,3.10575886238,3.02124062745,0.974707893503,6.0
C60,0.15,0.025,0.37,3.16e-05,1.34,3.0,7.0,3.07,CaCl2,1450,3.0,-23.9,-30.0,9.5e-08,0.00036,None,0.0,None,4.71e-21,4.4,"[2, -1]","[1, 2]",9.21,7.50455162653e-10,126.589841376,0.000263888888889,1.96009882226,78862.6540814,2212.0925756,0.190700187479,45.9547236374,2.04326240946,3.02124062745,0.974707893503,6.0
nHAP,0.2,0.026,0.4,0.000167,200.0,3.75,5.7,0.0,NaCl,3200,5.0,-53.0,-79.6,1e-07,0.0006,None,0.0,None,1e-20,15.4,"[1, -1]","[1, 1]",1.99776825114e-06,3.01450517259e-06,0.0331729402587,0.000166666666667,0.710681291073,80416.9442658,20509.6302534,0.40488362522,37.9790961239,4.14124743596,19.7687109225,0.92263011254,7.69230769231
nHAP,0.2,0.026,0.4,0.000167,200.0,3.75,5.8,1.0,NaCl,3200,5.0,-35.2,-71.0,1.02e-07,0.0006,None,0.0,None,1e-20,15.4,"[1, -1]","[1, 1]",1.0,4.26077486268e-09,23.9393075878,0.00017,0.683084670389,83665.7888142,20919.8228585,0.40488362522,37.9790961239,4.14124743596,13.8468065347,0.795918497334,7.69230769231
nHAP,0.2,0.026,0.4,0.000167,200.0,3.75,5.9,10.0,NaCl,3200,5.0,-31.4,-50.2,1.08e-07,0.0006,None,0.0,None,1e-20,15.4,"[1, -1]","[1, 1]",10.0,1.34737531632e-09,80.1558397957,0.00018,0.609294659699,93798.3237917,22150.4006737,0.40488362522,37.9790961239,4.14124743596,8.18507587992,0.899189960068,7.69230769231
nHAP,0.2,0.026,0.4,0.000167,200.0,3.75,5.8,50.0,NaCl,3200,5.0,-25.8,-30.58,1.19e-07,0.0006,None,0.0,None,1e-20,15.4,"[1, -1]","[1, 1]",50.0,6.02564559701e-10,197.489211876,0.000198333333333,0.501858125184,113878.434775,24406.4600016,0.40488362522,37.9790961239,4.14124743596,4.11779457383,0.98572667613,7.69230769231
nHAP,0.2,0.026,0.4,0.000167,200.0,3.75,5.8,100.0,NaCl,3200,5.0,-20.0,-24.7,1.33e-07,0.0006,None,0.0,None,1e-20,15.4,"[1, -1]","[1, 1]",100.0,4.26077486268e-10,312.149795018,0.000221666666667,0.40176453789,142249.532712,27277.808237,0.40488362522,37.9790961239,4.14124743596,2.90401433074,0.978130661624,7.69230769231
nHAP,0.2,0.026,0.4,0.000167,200.0,3.75,5.9,0.1,CaCl2,3200,5.0,-34.9,-47.0,1.03e-07,0.0006,None,0.0,None,1e-20,15.4,"[2, -1]","[1, 2]",0.3,7.77907501579e-09,13.2406487649,0.000171666666667,0.669885277663,85314.3361716,21124.919161,0.40488362522,37.9790961239,4.14124743596,7.63026531184,0.957277626853,7.69230769231
nHAP,0.2,0.026,0.4,0.000167,200.0,3.75,5.8,0.3,CaCl2,3200,5.0,-31.5,-36.2,1.09e-07,0.0006,None,0.0,None,1e-20,15.4,"[2, -1]","[1, 2]",0.9,4.49125105441e-09,24.2694070493,0.000181666666667,0.598166224285,95543.3714822,22355.4969762,0.40488362522,37.9790961239,4.14124743596,5.42561552998,0.990406871963,7.69230769231
nHAP,0.2,0.026,0.4,0.000167,200.0,3.75,5.7,0.5,CaCl2,3200,5.0,-28.4,-31.7,1.14e-07,0.0006,None,0.0,None,1e-20,15.4,"[2, -1]","[1, 2]",1.5,3.47890810748e-09,32.7689023332,0.00019,0.546846176572,104509.860768,23380.9784889,0.40488362522,37.9790961239,4.14124743596,4.46393893565,0.993988241464,7.69230769231
nHAP,0.2,0.026,0.4,0.000167,200.0,3.75,5.7,1.0,CaCl2,3200,5.0,-22.1,-26.0,1.35e-07,0.0006,None,0.0,None,1e-20,15.4,"[2, -1]","[1, 2]",3.0,2.45995951392e-09,54.8789519649,0.000225,0.389948582207,146559.880924,27688.0008421,0.40488362522,37.9790961239,4.14124743596,3.39802631394,0.986937590711,7.69230769231
nHAP,0.2,0.026,0.39,7.5e-05,10.0,4.0,7.2,0.1,NaCl,3160,5.0,-58.7,-63.2,2.5e-07,0.0006,None,10.0,HA,2.94e-21,15.4,"[1, -1]","[1, 1]",0.1,1.34737531632e-08,18.5545925453,0.000416666666667,0.0744384640621,1098815.15147,23027.2794761,0.119035785815,40.4214627979,4.3068973334,40.206465894,0.997278200198,7.69230769231
nHAP,0.2,0.026,0.39,7.5e-05,10.0,4.0,7.2,1.0,NaCl,3160,5.0,-48.5,-60.3,2.92e-07,0.0006,None,10.0,HA,2.94e-21,15.4,"[1, -1]","[1, 1]",1.0,4.26077486268e-09,68.5321354475,0.000486666666667,0.0545646932337,1499030.0012,26895.8624281,0.119035785815,40.4214627979,4.3068973334,37.7986548194,0.976748147233,7.69230769231
nHAP,0.2,0.026,0.39,7.5e-05,10.0,4.0,7.2,10.0,NaCl,3160,5.0,-38.5,-37.1,4.18e-07,0.0006,None,10.0,HA,2.94e-21,15.4,"[1, -1]","[1, 1]",10.0,1.34737531632e-09,310.232787357,0.000696666666667,0.0266271605726,3071830.05641,38501.6112841,0.119035785815,40.4214627979,4.3068973334,25.8300846386,0.999314364073,7.69230769231
nHAP,0.2,0.026,0.39,7.5e-05,10.0,4.0,7.2,50.0,NaCl,3160,5.0,-27.7,-21.4,6.38e-07,0.0006,None,10.0,HA,2.94e-21,15.4,"[1, -1]","[1, 1]",50.0,6.02564559701e-10,1058.80770737,0.00106333333333,0.0114297324218,7156257.83226,58765.6172231,0.119035785815,40.4214627979,4.3068973334,16.8978882063,0.967606610896,7.69230769231
nBiochar,0.2,0.026,0.39,8e-05,200.0,3.0,6.8,0.1,NaHCO3,1760,2.75,-36.6,-68.1,1.26e-07,0.00055,None,0.0,None,6.19e-20,2.9,"[1, -1]","[1, 1]",0.1,5.84692099281e-09,21.5498037608,0.000229090909091,5.7843015481,92301.2025878,11347.8433258,2.50622964011,40.4214627979,3.23017300005,16.2799548384,0.833993344676,7.69230769231
nBiochar,0.2,0.026,0.39,8e-05,200.0,3.0,6.7,0.1,NaHCO3,1760,2.75,-32.9,-66.4,1.06e-07,0.00055,None,0.0,None,6.19e-20,2.9,"[1, -1]","[1, 1]",0.1,5.84692099281e-09,18.1291999892,0.000192727272727,8.1729771607,65324.7866136,9546.59835348,2.50622964011,40.4214627979,3.23017300005,12.5826934099,0.795633876428,7.69230769231
nBiochar,0.2,0.026,0.39,8e-05,200.0,3.0,6.7,0.1,NaHCO3,1760,2.75,-34.0,-66.4,1.05e-07,0.00055,None,0.0,None,6.19e-20,2.9,"[1, -1]","[1, 1]",0.1,5.84692099281e-09,17.9581698007,0.000190909090909,8.32939422926,64098.0573527,9456.53610486,2.50622964011,40.4214627979,3.23017300005,12.6310190103,0.811362525517,7.69230769231
nBiochar,0.2,0.026,0.39,8e-05,200.0,3.0,6.8,0.1,NaHCO3,1760,2.75,-28.9,-68.1,9.8e-08,0.00055,None,0.0,None,6.19e-20,2.9,"[1, -1]","[1, 1]",0.1,5.84692099281e-09,16.7609584806,0.000178181818182,9.56180459992,55836.5299605,8826.10036454,2.50622964011,40.4214627979,3.23017300005,11.5937593854,0.719223361996,7.69230769231
nBiochar,0.2,0.026,0.4,1.53e-05,300.0,3.0,6.9,0.1,NaCl,1760,2.75,-36.6,-68.8,1.26e-07,0.0006,None,0.0,None,5.94e-21,2.9,"[1, -1]","[1, 1]",0.1,5.84692099281e-09,21.5498037608,0.00021,2.90231988729,482620.667126,2367.57276662,0.240500873381,37.9790961239,3.31299794877,16.5409659979,0.829270541742,7.69230769231
nBiochar,0.2,0.026,0.4,1.53e-05,300.0,3.0,6.9,0.1,NaCl,1760,2.75,-43.4,-69.6,1.26e-07,0.0006,None,1.0,HA,2.94e-21,2.9,"[1, -1]","[1, 1]",0.1,5.84692099281e-09,21.5498037608,0.00021,1.4365017624,482620.667126,2367.57276662,0.119035785815,37.9790961239,3.31299794877,18.3242199511,0.897968405344,7.69230769231
nBiochar,0.2,0.026,0.41,1.57e-05,300.0,3.0,6.9,0.1,NaCl,1760,2.75,-45.9,-69.4,1.26e-07,0.0006,None,5.0,HA,2.94e-21,2.9,"[1, -1]","[1, 1]",0.1,5.84692099281e-09,21.5498037608,0.00021,1.39990299138,470324.599174,2429.47009385,0.119035785815,35.7243876835,3.39582289749,18.8565650531,0.920231627997,7.69230769231
nBiochar,0.2,0.026,0.42,1.61e-05,300.0,3.0,6.9,0.1,NaCl,1760,2.75,-46.8,-69.2,1.26e-07,0.0006,None,10.0,HA,2.94e-21,2.9,"[1, -1]","[1, 1]",0.1,5.84692099281e-09,21.5498037608,0.00021,1.36512279284,458639.515964,2491.36742108,0.119035785815,33.6391419474,3.47864784621,19.0083017921,0.928103076711,7.69230769231
nBiochar,0.2,0.026,0.4,1.53e-05,300.0,3.0,6.9,0.1,NaCl,1760,2.75,-36.6,-48.2,1.26e-07,0.0006,IronOxide,0.0,None,1.07e-20,2.9,"[1, -1]","[1, 1]",0.1,5.84692099281e-09,21.5498037608,0.00021,5.22808464546,482620.667126,2367.57276662,0.433225478985,37.9790961239,3.31299794877,9.97632969817,0.963263077427,7.69230769231
nBiochar,0.2,0.026,0.4,1.53e-05,300.0,3.0,6.9,0.1,NaCl,1760,2.75,-36.6,-37.7,1.26e-07,0.0006,IronOxide,0.0,None,1.07e-20,2.9,"[1, -1]","[1, 1]",0.1,5.84692099281e-09,21.5498037608,0.00021,5.22808464546,482620.667126,2367.57276662,0.433225478985,37.9790961239,3.31299794877,7.51969800349,0.999561729178,7.69230769231
nBiochar,0.2,0.026,0.38,1.52e-05,300.0,3.0,6.9,0.1,NaCl,1760,2.75,-36.6,-25.4,1.26e-07,0.0006,IronOxide,0.0,None,1.07e-20,2.9,"[1, -1]","[1, 1]",0.1,5.84692099281e-09,21.5498037608,0.00021,5.26247993918,485795.803094,2352.09843481,0.433225478985,43.072155102,3.14734805133,5.40576091475,0.936797130074,7.69230769231
nBiochar,0.2,0.026,0.42,1.61e-05,300.0,3.0,6.9,0.1,NaCl,1760,2.75,-43.4,-39.2,1.26e-07,0.0006,IronOxide,1.0,HA,5.29e-21,2.9,"[1, -1]","[1, 1]",0.1,5.84692099281e-09,21.5498037608,0.00021,2.45629237214,458639.515964,2491.36742108,0.214183437741,33.6391419474,3.47864784621,9.31556263888,0.994842406877,7.69230769231
nBiochar,0.2,0.026,0.42,1.54e-05,300.0,3.0,6.9,0.1,NaCl,1760,2.75,-45.9,-43.9,1.26e-07,0.0006,IronOxide,5.0,HA,5.29e-21,2.9,"[1, -1]","[1, 1]",0.1,5.84692099281e-09,21.5498037608,0.00021,2.56794202542,479486.76669,2383.04709843,0.214183437741,33.6391419474,3.47864784621,10.9874176938,0.999008433275,7.69230769231
nBiochar,0.2,0.026,0.42,1.54e-05,300.0,3.0,6.9,0.1,NaCl,1760,2.75,-46.8,-45.1,1.26e-07,0.0006,IronOxide,10.0,HA,5.29e-21,2.9,"[1, -1]","[1, 1]",0.1,5.84692099281e-09,21.5498037608,0.00021,2.56794202542,479486.76669,2383.04709843,0.214183437741,33.6391419474,3.47864784621,11.5055451369,0.999315854885,7.69230769231
nBiochar,0.2,0.026,0.39,1.5e-05,300.0,3.0,6.9,0.1,NaCl,1760,2.75,-32.9,-68.8,1.06e-07,0.0006,None,0.0,None,5.94e-21,2.9,"[1, -1]","[1, 1]",0.1,5.84692099281e-09,18.1291999892,0.000176666666667,4.18287425607,348398.861939,1952.71329958,0.240500873381,40.4214627979,3.23017300005,13.3261931846,0.778396966909,7.69230769231
nBiochar,0.2,0.026,0.38,1.46e-05,300.0,3.0,6.9,0.1,NaCl,1760,2.75,-37.9,-69.6,1.06e-07,0.0006,None,1.0,HA,2.94e-21,2.9,"[1, -1]","[1, 1]",0.1,5.84692099281e-09,18.1291999892,0.000176666666667,2.12703236351,357944.036239,1900.64094492,0.119035785815,43.072155102,3.14734805133,14.3910329753,0.840000191065,7.69230769231
nBiochar,0.2,0.026,0.4,1.53e-05,300.0,3.0,6.9,0.1,NaCl,1760,2.75,-38.7,-69.4,1.06e-07,0.0006,None,5.0,HA,2.94e-21,2.9,"[1, -1]","[1, 1]",0.1,5.84692099281e-09,18.1291999892,0.000176666666667,2.02971715733,341567.511705,1991.76756557,0.119035785815,37.9790961239,3.31299794877,14.467747634,0.85073130558,7.69230769231
nBiochar,0.2,0.026,0.39,1.5e-05,300.0,3.0,7.0,0.1,NaCl,1760,2.75,-39.3,-69.2,1.06e-07,0.0006,None,10.0,HA,2.94e-21,2.9,"[1, -1]","[1, 1]",0.1,5.84692099281e-09,18.1291999892,0.000176666666667,2.07031150048,348398.861939,1952.71329958,0.119035785815,40.4214627979,3.23017300005,14.5114667406,0.858835994208,7.69230769231
nBiochar,0.2,0.026,0.4,1.6e-05,300.0,3.0,6.9,0.1,NaCl,1760,2.75,-32.9,-25.4,1.06e-07,0.0006,IronOxide,0.0,None,1.07e-20,2.9,"[1, -1]","[1, 1]",0.1,5.84692099281e-09,18.1291999892,0.000176666666667,7.06388171401,326623.933068,2082.89418621,0.433225478985,37.9790961239,3.31299794877,3.95848097181,0.967439814306,7.69230769231
nBiochar,0.2,0.026,0.41,1.64e-05,300.0,3.0,6.9,0.1,NaCl,1760,2.75,-32.9,-37.7,1.06e-07,0.0006,IronOxide,0.0,None,1.07e-20,2.9,"[1, -1]","[1, 1]",0.1,5.84692099281e-09,18.1291999892,0.000176666666667,6.89159191611,318657.495676,2134.96654087,0.433225478985,35.7243876835,3.39582289749,5.73687249091,0.990797619523,7.69230769231
nBiochar,0.2,0.026,0.4,1.6e-05,300.0,3.0,6.9,0.1,NaCl,1760,2.75,-32.9,-48.2,1.06e-07,0.0006,IronOxide,0.0,None,1.07e-20,2.9,"[1, -1]","[1, 1]",0.1,5.84692099281e-09,18.1291999892,0.000176666666667,7.06388171401,326623.933068,2082.89418621,0.433225478985,37.9790961239,3.31299794877,7.80356264675,0.931264222689,7.69230769231
nBiochar,0.2,0.026,0.4,1.53e-05,300.0,3.0,6.9,0.1,NaCl,1760,2.75,-37.9,-39.2,1.06e-07,0.0006,IronOxide,1.0,HA,5.29e-21,2.9,"[1, -1]","[1, 1]",0.1,5.84692099281e-09,18.1291999892,0.000176666666667,3.65211012323,341567.511705,1991.76756557,0.214183437741,37.9790961239,3.31299794877,6.81232126816,0.999431560182,7.69230769231
nBiochar,0.2,0.026,0.41,1.57e-05,300.0,3.0,6.9,0.1,NaCl,1760,2.75,-38.7,-43.9,1.06e-07,0.0006,IronOxide,5.0,HA,5.29e-21,2.9,"[1, -1]","[1, 1]",0.1,5.84692099281e-09,18.1291999892,0.000176666666667,3.55906273155,332865.154719,2043.83992022,0.214183437741,35.7243876835,3.39582289749,7.84767128415,0.992104878975,7.69230769231
nBiochar,0.2,0.026,0.41,1.57e-05,300.0,3.0,6.9,0.1,NaCl,1760,2.75,-39.3,-45.1,1.06e-07,0.0006,IronOxide,10.0,HA,5.29e-21,2.9,"[1, -1]","[1, 1]",0.1,5.84692099281e-09,18.1291999892,0.000176666666667,3.55906273155,332865.154719,2043.83992022,0.214183437741,35.7243876835,3.39582289749,8.19962384021,0.990599413162,7.69230769231
ZnO,0.12,0.01,0.35,1e-05,12.5,3.0,8.0,5.0,NaCl,5610,9.5,1.45,-33.2,5e-08,0.000235,None,0.0,None,1e-20,2.0,"[1, -1]","[1, 1]",5.0,6.86686045777e-10,72.8134790382,0.000212765957447,47.4735102437,703036.603607,240.507141195,0.40488362522,52.5271674817,0.0989601685881,1.19360555977,-0.087183097635,12.0
ZnO,0.12,0.01,0.4,1e-05,12.5,3.0,8.0,5.0,NaCl,5610,9.5,1.45,-35.17,5e-08,0.0005,None,0.0,None,1.7e-20,2.0,"[1, -1]","[1, 1]",5.0,6.86686045777e-10,72.8134790382,0.0001,80.7049674142,703036.603607,511.717321692,0.688302162874,37.9790961239,0.113097335529,1.33918124836,-0.0823167193342,12.0
ZnO,0.12,0.01,0.35,1e-05,12.5,3.0,8.0,5.0,NaCl,5610,9.5,1.45,-53.94,5e-08,0.000235,None,0.0,None,6.95e-21,2.0,"[1, -1]","[1, 1]",5.0,6.86686045777e-10,72.8134790382,0.000212765957447,32.9940896193,703036.603607,240.507141195,0.281394119528,52.5271674817,0.0989601685881,3.14697034745,-0.0537246180064,12.0
ZnO,0.12,0.01,0.35,1e-05,12.5,3.0,8.0,5.0,NaCl,5610,9.5,21.0,-33.2,7.2e-08,0.000235,None,0.0,None,1e-20,2.0,"[1, -1]","[1, 1]",5.0,6.86686045777e-10,104.851409815,0.000306382978723,22.8942468382,1457816.70124,346.330283321,0.40488362522,52.5271674817,0.0989601685881,2.40188942782,-0.903553562634,12.0
ZnO,0.12,0.01,0.4,1e-05,12.5,3.0,8.0,5.0,NaCl,5610,9.5,21.0,-35.17,7.2e-08,0.0005,None,0.0,None,1.7e-20,2.0,"[1, -1]","[1, 1]",5.0,6.86686045777e-10,104.851409815,0.000144,38.9202196249,1457816.70124,736.872943236,0.688302162874,37.9790961239,0.113097335529,2.6115184194,-0.880335275231,12.0
ZnO,0.12,0.01,0.35,1e-05,12.5,3.0,8.0,5.0,NaCl,5610,9.5,21.0,-53.94,7.2e-08,0.000235,None,0.0,None,6.95e-21,2.0,"[1, -1]","[1, 1]",5.0,6.86686045777e-10,104.851409815,0.000306382978723,15.9115015525,1457816.70124,346.330283321,0.281394119528,52.5271674817,0.0989601685881,5.21473472209,-0.676157004237,12.0
ZnO,0.2,0.04,0.42,9.25928e-05,5.0,3.0,8.0,0.1,NaCl,5610,9.5,-38.6,-76.9,3.171e-07,0.00051,None,0.0,None,6.96e-21,2.0,"[1, -1]","[1, 1]",0.1,4.85560359515e-09,65.3059900352,0.000621764705882,0.0887219119014,3053888.63112,30650.2305013,0.281799003153,33.6391419474,12.6669015793,50.7486474136,0.801867207307,5.0
ZnO,0.2,0.04,0.42,9.25928e-05,5.0,3.0,8.0,0.5,NaCl,5610,9.5,-36.7,-75.2,3.256e-07,0.00051,None,0.0,None,6.96e-21,2.0,"[1, -1]","[1, 1]",0.5,2.17149194211e-09,149.942992505,0.000638431372549,0.0841500897747,3219804.50422,31471.8229304,0.281799003153,33.6391419474,12.6669015793,49.2820997673,0.788308366408,5.0
ZnO,0.2,0.04,0.42,9.25928e-05,5.0,3.0,8.0,1.0,NaCl,5610,9.5,-35.2,-72.3,3.871e-07,0.00051,None,0.0,None,6.96e-21,2.0,"[1, -1]","[1, 1]",1.0,1.53547667756e-09,252.10412223,0.000759019607843,0.0595356409373,4551002.2874,37416.2857996,0.281799003153,33.6391419474,12.6669015793,54.1088219236,0.787142011002,5.0
ZnO,0.2,0.04,0.42,9.25928e-05,5.0,3.0,8.0,5.0,NaCl,5610,9.5,-22.3,-67.6,4.832e-07,0.00051,None,0.0,None,6.96e-21,2.0,"[1, -1]","[1, 1]",5.0,6.86686045777e-10,703.669461425,0.000947450980392,0.0382093390122,7091115.55163,46705.1131448,0.281799003153,33.6391419474,12.6669015793,52.9260104315,0.595012877315,5.0
ZnO,0.2,0.04,0.42,9.25928e-05,5.0,3.0,8.0,0.5,CaCl2,5610,9.5,-25.0,-54.8,3.483e-07,0.00051,None,0.0,None,6.96e-21,2.0,"[2, -1]","[1, 2]",1.5,1.25371145732e-09,277.815120829,0.000682941176471,0.0735387810932,3684407.52021,33665.9580057,0.281799003153,33.6391419474,12.6669015793,27.3157156853,0.755228718537,5.0
ZnO,0.2,0.04,0.42,9.25928e-05,5.0,3.0,8.0,0.1,CaCl2,5610,9.5,-17.9,-50.2,4.242e-07,0.00051,None,0.0,None,6.96e-21,2.0,"[2, -1]","[1, 2]",0.3,2.80338404274e-09,151.317120142,0.000831764705882,0.0495772059912,5465149.4103,41002.2951077,0.281799003153,33.6391419474,12.6669015793,26.0462290671,0.632702564734,5.0
ZnO,0.2,0.04,0.42,9.25928e-05,5.0,3.0,8.0,0.3,CaCl2,5610,9.5,-13.9,-47.0,4.367e-07,0.00051,None,0.0,None,6.96e-21,2.0,"[2, -1]","[1, 2]",0.9,1.61853453172e-09,269.81197586,0.000856274509804,0.0467796525941,5791980.55271,42210.5192681,0.281799003153,33.6391419474,12.6669015793,22.6767705158,0.543915810858,5.0
ZnO,0.2,0.04,0.42,9.25928e-05,5.0,3.0,8.0,0.5,CaCl2,5610,9.5,-10.9,-40.7,4.572e-07,0.00051,None,0.0,None,6.96e-21,2.0,"[2, -1]","[1, 2]",1.5,1.25371145732e-09,364.677212871,0.000896470588235,0.0426786754664,6348529.68436,44192.0068912,0.281799003153,33.6391419474,12.6669015793,17.5454704471,0.499780318819,5.0
ZnO,0.2,0.04,0.42,4.62964e-05,5.0,3.0,8.0,0.1,NaCl,5610,9.5,-38.6,-76.9,3.171e-07,0.00051,None,0.0,None,6.96e-21,2.0,"[1, -1]","[1, 1]",0.1,4.85560359515e-09,65.3059900352,0.000621764705882,0.177443823803,6107777.26224,15325.1152506,0.281799003153,33.6391419474,12.6669015793,50.7486474136,0.801867207307,5.0
ZnO,0.2,0.04,0.42,4.62964e-05,5.0,3.0,8.0,0.5,NaCl,5610,9.5,-36.7,-75.2,3.256e-07,0.00051,None,0.0,None,6.96e-21,2.0,"[1, -1]","[1, 1]",0.5,2.17149194211e-09,149.942992505,0.000638431372549,0.168300179549,6439609.00844,15735.9114652,0.281799003153,33.6391419474,12.6669015793,49.2820997673,0.788308366408,5.0
ZnO,0.2,0.04,0.42,4.62964e-05,5.0,3.0,8.0,1.0,NaCl,5610,9.5,-35.2,-72.3,3.871e-07,0.00051,None,0.0,None,6.96e-21,2.0,"[1, -1]","[1, 1]",1.0,1.53547667756e-09,252.10412223,0.000759019607843,0.119071281875,9102004.5748,18708.1428998,0.281799003153,33.6391419474,12.6669015793,54.1088219236,0.787142011002,5.0
ZnO,0.2,0.04,0.42,4.62964e-05,5.0,3.0,8.0,5.0,NaCl,5610,9.5,-22.3,-67.6,4.832e-07,0.00051,None,0.0,None,6.96e-21,2.0,"[1, -1]","[1, 1]",5.0,6.86686045777e-10,703.669461425,0.000947450980392,0.0764186780245,14182231.1033,23352.5565724,0.281799003153,33.6391419474,12.6669015793,52.9260104315,0.595012877315,5.0
ZnO,0.2,0.04,0.42,4.62964e-05,5.0,3.0,8.0,0.5,CaCl2,5610,9.5,-25.0,-54.8,3.483e-07,0.00051,None,0.0,None,6.96e-21,2.0,"[2, -1]","[1, 2]",1.5,1.25371145732e-09,277.815120829,0.000682941176471,0.147077562186,7368815.04043,16832.9790028,0.281799003153,33.6391419474,12.6669015793,27.3157156853,0.755228718537,5.0
ZnO,0.2,0.04,0.42,4.62964e-05,5.0,3.0,8.0,0.1,CaCl2,5610,9.5,-17.9,-50.2,4.242e-07,0.00051,None,0.0,None,6.96e-21,2.0,"[2, -1]","[1, 2]",0.3,2.80338404274e-09,151.317120142,0.000831764705882,0.0991544119824,10930298.8206,20501.1475538,0.281799003153,33.6391419474,12.6669015793,26.0462290671,0.632702564734,5.0
ZnO,0.2,0.04,0.42,4.62964e-05,5.0,3.0,8.0,0.3,CaCl2,5610,9.5,-13.9,-47.0,4.367e-07,0.00051,None,0.0,None,6.96e-21,2.0,"[2, -1]","[1, 2]",0.9,1.61853453172e-09,269.81197586,0.000856274509804,0.0935593051882,11583961.1054,21105.2596341,0.281799003153,33.6391419474,12.6669015793,22.6767705158,0.543915810858,5.0
ZnO,0.2,0.04,0.42,4.62964e-05,5.0,3.0,8.0,0.5,CaCl2,5610,9.5,-10.9,-40.7,4.572e-07,0.00051,None,0.0,None,6.96e-21,2.0,"[2, -1]","[1, 2]",1.5,1.25371145732e-09,364.677212871,0.000896470588235,0.0853573509327,12697059.3687,22096.0034456,0.281799003153,33.6391419474,12.6669015793,17.5454704471,0.499780318819,5.0
nHAP,0.2,0.026,0.385,7.5e-05,100.0,4.0,7.2,0.1,NaCl,3160,8.4,-61.0,-26.0,3.43e-07,0.0006,None,0.0,None,5.54e-21,15.4,"[1, -1]","[1, 1]",0.1,1.34737531632e-08,25.4569009722,0.000571666666667,0.0745163570593,2068392.06009,31593.4274413,0.224305528372,41.7193692464,4.25168070092,32.6015034409,0.721400955197,7.69230769231
nHAP,0.2,0.026,0.385,7.5e-05,100.0,4.0,7.2,0.1,NaCl,3160,8.4,-62.1,-50.4,3.06e-07,0.0006,None,1.0,HA,2.94e-21,15.4,"[1, -1]","[1, 1]",0.1,1.34737531632e-08,22.7108212755,0.00051,0.0496860609582,1646218.48837,28185.3900788,0.119035785815,41.7193692464,4.25168070092,42.3112276079,0.978599468152,7.69230769231
nHAP,0.2,0.026,0.385,7.5e-05,100.0,4.0,7.2,0.1,NaCl,3160,8.4,-62.8,-56.0,3.01e-07,0.0006,None,5.0,HA,2.94e-21,15.4,"[1, -1]","[1, 1]",0.1,1.34737531632e-08,22.3397294245,0.000501666666667,0.0513504707882,1592860.02462,27724.8444893,0.119035785815,41.7193692464,4.25168070092,46.0656264206,0.993468778955,7.69230769231
nHAP,0.2,0.026,0.385,7.5e-05,100.0,4.0,7.2,0.1,NaCl,3160,8.4,-63.2,-58.7,2.75e-07,0.0006,None,10.0,HA,2.94e-21,15.4,"[1, -1]","[1, 1]",0.1,1.34737531632e-08,20.4100517998,0.000458333333333,0.0615193917868,1329566.33328,25330.0074237,0.119035785815,41.7193692464,4.25168070092,44.2271124834,0.997278200198,7.69230769231
nHAP,0.2,0.026,0.385,7.5e-05,100.0,4.0,7.2,0.1,NaCl,3160,8.4,-58.2,-58.7,2.75e-07,0.0006,FeOOH,10.0,HA,3.6e-20,15.4,"[1, -1]","[1, 1]",0.1,1.34737531632e-08,20.4100517998,0.000458333333333,0.753298674941,1329566.33328,25330.0074237,1.45758105079,41.7193692464,4.25168070092,40.6187643837,0.999963412475,7.69230769231
nHAP,0.2,0.026,0.385,7.5e-05,100.0,4.0,7.2,0.1,NaCl,3160,8.4,-51.1,-58.7,2.75e-07,0.0006,FeOOH,10.0,HA,3.6e-20,15.4,"[1, -1]","[1, 1]",0.1,1.34737531632e-08,20.4100517998,0.000458333333333,0.753298674941,1329566.33328,25330.0074237,1.45758105079,41.7193692464,4.25168070092,36.0056072571,0.990463768594,7.69230769231
nHAP,0.2,0.026,0.385,7.5e-05,100.0,4.0,7.2,0.1,NaCl,3160,8.4,-42.0,-58.7,2.75e-07,0.0006,FeOOH,10.0,HA,3.6e-20,15.4,"[1, -1]","[1, 1]",0.1,1.34737531632e-08,20.4100517998,0.000458333333333,0.753298674941,1329566.33328,25330.0074237,1.45758105079,41.7193692464,4.25168070092,30.9693163287,0.946467064259,7.69230769231
nHAP,0.2,0.026,0.385,7.5e-05,100.0,4.0,7.2,0.1,NaCl,3160,8.4,-34.5,-58.7,2.75e-07,0.0006,FeOOH,10.0,HA,3.6e-20,15.4,"[1, -1]","[1, 1]",0.1,1.34737531632e-08,20.4100517998,0.000458333333333,0.753298674941,1329566.33328,25330.0074237,1.45758105079,41.7193692464,4.25168070092,27.5586248589,0.873673947463,7.69230769231
nHAP,0.2,0.026,0.385,7.5e-05,100.0,4.0,7.2,0.1,NaCl,3160,8.4,-26.1,-58.7,2.75e-07,0.0006,FeOOH,10.0,HA,3.6e-20,15.4,"[1, -1]","[1, 1]",0.1,1.34737531632e-08,20.4100517998,0.000458333333333,0.753298674941,1329566.33328,25330.0074237,1.45758105079,41.7193692464,4.25168070092,24.5326058858,0.742479827473,7.69230769231
nHAP,0.2,0.026,0.385,7.5e-05,100.0,4.0,7.2,0.1,NaCl,3160,8.4,-5.4,-58.7,2.75e-07,0.0006,FeOOH,10.0,HA,3.6e-20,15.4,"[1, -1]","[1, 1]",0.1,1.34737531632e-08,20.4100517998,0.000458333333333,0.753298674941,1329566.33328,25330.0074237,1.45758105079,41.7193692464,4.25168070092,20.6564553447,0.182442407586,7.69230769231
nHAP,0.2,0.026,0.385,7.5e-05,100.0,4.0,6.0,0.1,NaCl,3160,8.4,-43.6,-37.8,2.75e-07,0.0006,FeOOH,10.0,HA,3.6e-20,15.4,"[1, -1]","[1, 1]",0.1,1.34737531632e-08,20.4100517998,0.000458333333333,0.753298674941,1329566.33328,25330.0074237,1.45758105079,41.7193692464,4.25168070092,19.7941968738,0.989897291129,7.69230769231
nHAP,0.2,0.026,0.385,7.5e-05,100.0,4.0,8.0,0.1,NaCl,3160,8.4,-56.4,-61.2,2.75e-07,0.0006,FeOOH,10.0,HA,3.6e-20,15.4,"[1, -1]","[1, 1]",0.1,1.34737531632e-08,20.4100517998,0.000458333333333,0.753298674941,1329566.33328,25330.0074237,1.45758105079,41.7193692464,4.25168070092,41.1744024345,0.996673596674,7.69230769231
nHAP,0.2,0.026,0.385,7.5e-05,100.0,4.0,10.5,0.1,NaCl,3160,8.4,-70.0,-72.0,2.75e-07,0.0006,FeOOH,10.0,HA,3.6e-20,15.4,"[1, -1]","[1, 1]",0.1,1.34737531632e-08,20.4100517998,0.000458333333333,0.753298674941,1329566.33328,25330.0074237,1.45758105079,41.7193692464,4.25168070092,59.9449460253,0.999603332011,7.69230769231
QD,0.1,0.025,0.37,9.25928e-06,50.0,3.5,7.0,3.0,NaCl,4820,1.5,-45.8,-69.2,3.08e-08,0.000354,None,0.0,None,7.2e-21,10.0,"[1, -1]","[1, 1]",3.0,1.98229186689e-09,15.5375706849,8.70056497175e-05,97.284846926,238771.262456,206.643288875,0.291516210158,45.9547236374,1.58920409625,4.58482154765,0.920485370911,4.0
QD,0.1,0.025,0.38,9.25928e-06,50.0,3.5,7.0,3.0,NaCl,4820,1.5,-45.8,-69.2,3.08e-08,0.000163,None,0.0,None,7.2e-21,10.0,"[1, -1]","[1, 1]",3.0,1.98229186689e-09,15.5375706849,0.000188957055215,97.284846926,238771.262456,95.1493109792,0.291516210158,43.072155102,1.63215555831,4.58482154765,0.920485370911,4.0
QD,0.1,0.025,0.37,8.912057e-05,50.0,3.5,7.0,3.0,NaCl,4820,1.5,-45.8,-69.2,3.08e-08,0.000354,None,0.0,None,7.2e-21,10.0,"[1, -1]","[1, 1]",3.0,1.98229186689e-09,15.5375706849,8.70056497175e-05,10.1075165637,24807.4038915,1988.94165542,0.291516210158,45.9547236374,1.58920409625,4.58482154765,0.920485370911,4.0
QD,0.1,0.025,0.39,8.449093e-05,50.0,3.5,7.0,3.0,NaCl,4820,1.5,-45.8,-69.2,3.08e-08,0.000163,None,0.0,None,7.2e-21,10.0,"[1, -1]","[1, 1]",3.0,1.98229186689e-09,15.5375706849,0.000188957055215,10.6613530878,26166.7136938,868.237462685,0.291516210158,40.4214627979,1.67510702037,4.58482154765,0.920485370911,4.0
QD,0.1,0.025,0.39,8.449093e-05,50.0,3.5,7.0,3.0,NaCl,4820,1.5,-45.8,-69.2,3.08e-08,0.000125,None,0.0,None,7.2e-21,10.0,"[1, -1]","[1, 1]",3.0,1.98229186689e-09,15.5375706849,0.0002464,10.6613530878,26166.7136938,665.826275066,0.291516210158,40.4214627979,1.67510702037,4.58482154765,0.920485370911,4.0
