PublicationTitle,NMId,colLength,colWidth,Poros,Darcy,ConcIn,PvIn,pH,IonStr,SaltType,PartDensity,PartIEP,PartZeta,CollecZeta,PartDiam,CollecDiam,Coating,ConcHA,TypeNOM,Hamaker,tempKelvin,relPermValue,N_r,N_a,N_g,N_Pe,N_Lo,D_l,N_Dl,M_inj,N_as,N_Z1,N_Z2,N_CA
Cotransport of Titanium Dioxide and Fullerene Nanoparticles in Saturated Porous Media ,C60,0.1,0.02,0.42,9.26e-05,10.0,3.0,5.0,0.1,NaCl,1730,3.0,-24.4,-52.34,1.36e-07,0.000509,None,0.0,None,1e-20,298.15,4.4,0.000267190569745,0.000619498228994,1.0021192446e-07,13120.7236024,0.40488362522,2.27788488998e-09,59.7045094763,0.791681348705,33.6391419474,107.836696655,0.765912418591,5.0
Cotransport of Titanium Dioxide and Fullerene Nanoparticles in Saturated Porous Media ,C60,0.1,0.02,0.42,9.26e-05,10.0,3.0,5.0,1.0,NaCl,1730,3.0,-22.0,-45.46,1.88e-07,0.000509,None,0.0,None,1e-20,298.15,4.4,0.000369351669941,0.000324191920651,1.91494931775e-07,18137.4708621,0.40488362522,2.27788488998e-09,82.5327042761,0.791681348705,33.6391419474,114.013274276,0.784219753411,5.0
Cotransport of Titanium Dioxide and Fullerene Nanoparticles in Saturated Porous Media ,C60,0.1,0.02,0.42,9.26e-05,10.0,3.0,5.0,10.0,NaCl,1730,3.0,-18.7,-42.87,3.32e-07,0.000509,None,0.0,None,1e-20,298.15,4.4,0.000652259332024,0.000103954122909,5.97197186508e-07,32030.0017352,0.40488362522,2.27788488998e-09,145.749243722,0.791681348705,33.6391419474,172.681067304,0.73294550115,5.0
Cotransport of Titanium Dioxide and Fullerene Nanoparticles in Saturated Porous Media ,C60,0.1,0.02,0.42,9.26e-05,10.0,3.0,7.0,0.01,NaCl,1730,3.0,-37.5,-67.58,1.84e-07,0.000509,None,0.0,None,1e-20,298.15,4.4,0.000361493123772,0.000338440431341,1.8343289979e-07,17751.5672267,0.40488362522,2.27788488998e-09,80.7766892915,0.791681348705,33.6391419474,261.32794525,0.848525031296,5.0
Cotransport of Titanium Dioxide and Fullerene Nanoparticles in Saturated Porous Media ,C60,0.1,0.02,0.42,9.26e-05,10.0,3.0,7.0,1.0,NaCl,1730,3.0,-36.9,-62.21,1.94e-07,0.000509,None,0.0,None,1e-20,298.15,4.4,0.000381139489194,0.000304448911773,2.03913061687e-07,18716.3263151,0.40488362522,2.27788488998e-09,85.166726753,0.791681348705,33.6391419474,241.322219446,0.87755474847,5.0
Cotransport of Titanium Dioxide and Fullerene Nanoparticles in Saturated Porous Media ,C60,0.1,0.02,0.42,9.26e-05,10.0,3.0,7.0,10.0,NaCl,1730,3.0,-28.8,-72.87,5.05e-07,0.000509,None,0.0,None,1e-20,298.15,4.4,0.000992141453831,4.49298666542e-05,1.38173367406e-06,48720.3339647,0.40488362522,2.27788488998e-09,221.696891805,0.791681348705,33.6391419474,737.18414508,0.683659547607,5.0
Cotransport of Titanium Dioxide and Fullerene Nanoparticles in Saturated Porous Media ,TiO2,0.1,0.02,0.42,9.26e-05,50.0,3.0,5.0,0.01,NaCl,4510,6.2,23.7,-52.34,4.53e-07,0.000509,None,0.0,None,1e-20,298.15,110.0,0.000889980353635,5.58369235437e-05,5.3459174224e-06,43703.5867049,0.40488362522,1.13894244499e-08,39.7737394011,0.791681348705,33.6391419474,355.564792481,-0.751527278728,5.0
Cotransport of Titanium Dioxide and Fullerene Nanoparticles in Saturated Porous Media ,TiO2,0.1,0.02,0.42,9.26e-05,50.0,3.0,5.0,1.0,NaCl,4510,6.2,23.1,-45.46,9.41e-07,0.000509,None,0.0,None,1e-20,298.15,110.0,0.00184872298625,1.29401299898e-05,2.30677421804e-05,90783.8302193,0.40488362522,1.13894244499e-08,82.6205050253,0.791681348705,33.6391419474,581.772546636,-0.807720388139,5.0
Cotransport of Titanium Dioxide and Fullerene Nanoparticles in Saturated Porous Media ,TiO2,0.1,0.02,0.42,9.26e-05,50.0,3.0,5.0,10.0,NaCl,4510,6.2,21.6,-42.87,1.08e-06,0.000509,None,0.0,None,1e-20,298.15,110.0,0.00212180746562,9.82359331574e-06,3.03859873665e-05,104193.981548,0.40488362522,1.13894244499e-08,94.8248091683,0.791681348705,33.6391419474,591.74456279,-0.803674054587,5.0
Cotransport of Titanium Dioxide and Fullerene Nanoparticles in Saturated Porous Media ,TiO2,0.1,0.02,0.42,9.26e-05,50.0,3.0,7.0,0.01,NaCl,4510,6.2,-22.71,-67.58,4.65e-07,0.000509,None,0.0,None,1e-20,298.15,110.0,0.000913555992141,5.29922036928e-05,5.63289619198e-06,44861.297611,0.40488362522,1.13894244499e-08,40.8273483919,0.791681348705,33.6391419474,561.964983527,0.60389613954,5.0
Cotransport of Titanium Dioxide and Fullerene Nanoparticles in Saturated Porous Media ,TiO2,0.1,0.02,0.42,9.26e-05,50.0,3.0,7.0,1.0,NaCl,4510,6.2,-20.8,-62.21,9.56e-07,0.000509,None,0.0,None,1e-20,298.15,110.0,0.00187819253438,1.25372446686e-05,2.38090258486e-05,92230.9688519,0.40488362522,1.13894244499e-08,83.9375162638,0.791681348705,33.6391419474,978.035524553,0.601464546611,5.0
Cotransport of Titanium Dioxide and Fullerene Nanoparticles in Saturated Porous Media ,TiO2,0.1,0.02,0.42,9.26e-05,50.0,3.0,7.0,10.0,NaCl,4510,6.2,-15.7,-58.78,1.15e-06,0.000509,None,0.0,None,1e-20,298.15,110.0,0.00225933202358,8.66407504233e-06,3.44525619789e-05,110947.295167,0.40488362522,1.13894244499e-08,100.970861614,0.791681348705,33.6391419474,1012.13403921,0.498622965814,5.0
Transport and Retention of TiO\textsubscript{2} Rutile Nanoparticles in Saturated Porous Media under Low-Ionic-Strength Conditions: Measurements and Mechanisms ,TiO2,0.15,0.025,0.37,5.1e-05,20.0,4.0,6.0,0.003,NaCl,4510,5.9,-47.53,-55.4,8.45e-08,0.000275,None,0.0,None,4.5e-20,298.15,110.0,0.000307272727273,0.0131116634235,3.37738111346e-07,2425.77037761,1.82197631349,1.13894244499e-08,7.41916330992,2.72434987928,45.9547236374,107.052158721,0.988375775668,6.0
Transport and Retention of TiO\textsubscript{2} Rutile Nanoparticles in Saturated Porous Media under Low-Ionic-Strength Conditions: Measurements and Mechanisms ,TiO2,0.15,0.025,0.37,5.1e-05,20.0,4.0,6.0,0.01,NaCl,4510,5.9,-43.07,-53.11,8.45e-08,0.000275,None,0.0,None,4.5e-20,298.15,110.0,0.000307272727273,0.0131116634235,3.37738111346e-07,2425.77037761,1.82197631349,1.13894244499e-08,7.41916330992,2.72434987928,45.9547236374,93.9412440139,0.978441374623,6.0
Transport and Retention of TiO\textsubscript{2} Rutile Nanoparticles in Saturated Porous Media under Low-Ionic-Strength Conditions: Measurements and Mechanisms ,TiO2,0.15,0.025,0.37,5.1e-05,20.0,4.0,6.0,0.1,NaCl,4510,5.9,-35.17,-54.11,8.45e-08,0.000275,None,0.0,None,4.5e-20,298.15,110.0,0.000307272727273,0.0131116634235,3.37738111346e-07,2425.77037761,1.82197631349,1.13894244499e-08,7.41916330992,2.72434987928,45.9547236374,83.6770359232,0.91386818305,6.0
Transport and Retention of TiO\textsubscript{2} Rutile Nanoparticles in Saturated Porous Media under Low-Ionic-Strength Conditions: Measurements and Mechanisms ,TiO2,0.15,0.025,0.37,5.1e-05,20.0,4.0,6.0,0.56,NaCl,4510,5.9,-31.6,-53.89,8.45e-08,0.000275,None,0.0,None,4.5e-20,298.15,110.0,0.000307272727273,0.0131116634235,3.37738111346e-07,2425.77037761,1.82197631349,1.13894244499e-08,7.41916330992,2.72434987928,45.9547236374,78.4105024079,0.872691955381,6.0
Transport and Retention of TiO\textsubscript{2} Rutile Nanoparticles in Saturated Porous Media under Low-Ionic-Strength Conditions: Measurements and Mechanisms ,TiO2,0.15,0.025,0.37,5.1e-05,20.0,4.0,6.0,0.75,NaCl,4510,5.9,-29.77,-53.4,8.45e-08,0.000275,None,0.0,None,4.5e-20,298.15,110.0,0.000307272727273,0.0131116634235,3.37738111346e-07,2425.77037761,1.82197631349,1.13894244499e-08,7.41916330992,2.72434987928,45.9547236374,75.0978503776,0.850614004783,6.0
Transport and Retention of TiO\textsubscript{2} Rutile Nanoparticles in Saturated Porous Media under Low-Ionic-Strength Conditions: Measurements and Mechanisms ,TiO2,0.15,0.025,0.37,5.1e-05,20.0,4.0,6.0,0.8,NaCl,4510,5.9,-29.23,-52.87,8.45e-08,0.000275,None,0.0,None,4.5e-20,298.15,110.0,0.000307272727273,0.0131116634235,3.37738111346e-07,2425.77037761,1.82197631349,1.13894244499e-08,7.41916330992,2.72434987928,45.9547236374,73.3261294738,0.846874989896,6.0
Transport and Retention of TiO\textsubscript{2} Rutile Nanoparticles in Saturated Porous Media under Low-Ionic-Strength Conditions: Measurements and Mechanisms ,TiO2,0.15,0.025,0.37,0.37,20.0,4.0,6.0,1.0,NaCl,4510,5.9,-28.5,-52.11,8.45e-08,0.000275,None,0.0,None,4.5e-20,298.15,110.0,0.000307272727273,1.80728333676e-06,4.65530910234e-11,17598726.269,1.82197631349,1.13894244499e-08,7.41916330992,2.72434987928,45.9547236374,70.8764327082,0.841984361435,6.0
Transport and Retention of TiO\textsubscript{2} Rutile Nanoparticles in Saturated Porous Media under Low-Ionic-Strength Conditions: Measurements and Mechanisms ,TiO2,0.15,0.025,0.37,5.1e-05,20.0,4.0,6.0,0.02,CaCl2,4510,5.9,-28.53,-27.77,8.45e-08,0.000275,None,0.0,None,4.5e-20,298.15,110.0,0.000307272727273,0.0131116634235,3.37738111346e-07,2425.77037761,1.82197631349,1.13102085505e-08,7.47112660412,2.72434987928,45.9547236374,31.8475386879,0.999635614356,6.0
Transport and Retention of TiO\textsubscript{2} Rutile Nanoparticles in Saturated Porous Media under Low-Ionic-Strength Conditions: Measurements and Mechanisms ,TiO2,0.15,0.025,0.37,5.1e-05,20.0,4.0,6.0,0.03,CaCl2,4510,5.9,-25.53,-26.2,8.45e-08,0.000275,None,0.0,None,4.5e-20,298.15,110.0,0.000307272727273,0.0131116634235,3.37738111346e-07,2425.77037761,1.82197631349,1.12704013894e-08,7.49751469183,2.72434987928,45.9547236374,26.886715737,0.999664554634,6.0
Transport and Retention of TiO\textsubscript{2} Rutile Nanoparticles in Saturated Porous Media under Low-Ionic-Strength Conditions: Measurements and Mechanisms ,TiO2,0.15,0.025,0.37,5.1e-05,20.0,4.0,6.0,0.04,CaCl2,4510,5.9,-23.53,-25.33,8.45e-08,0.000275,None,0.0,None,4.5e-20,298.15,110.0,0.000307272727273,0.0131116634235,3.37738111346e-07,2425.77037761,1.82197631349,1.12304646627e-08,7.52417665142,2.72434987928,45.9547236374,24.0146296786,0.997289314931,6.0
Transport and Retention of TiO\textsubscript{2} Rutile Nanoparticles in Saturated Porous Media under Low-Ionic-Strength Conditions: Measurements and Mechanisms ,TiO2,0.15,0.025,0.37,5.1e-05,20.0,4.0,6.0,0.06,CaCl2,4510,5.9,-20.27,-24.8,8.45e-08,0.000275,None,0.0,None,4.5e-20,298.15,110.0,0.000307272727273,0.0131116634235,3.37738111346e-07,2425.77037761,1.82197631349,1.11502123935e-08,7.57833097861,2.72434987928,45.9547236374,20.6120144389,0.979997424733,6.0
Mechanisms of TiO\textsubscript{2} nanoparticle transport in porous media: Role of solution chemistry nanoparticle concentration and flowrate,TiO2,0.1,0.015,0.46,0.00019,100.0,6.0,5.0,1.0,KCl,4510,6.2,44.12,-14.8,2.9e-07,0.000275,None,0.0,None,1e-20,298.15,110.0,0.00105454545455,6.64017118685e-05,1.06777370936e-06,31015.1868677,0.40488362522,1.13894244499e-08,25.4622172767,0.731598389205,26.6975437361,149.324946144,-0.603039950233,6.66666666667
Mechanisms of TiO\textsubscript{2} nanoparticle transport in porous media: Role of solution chemistry nanoparticle concentration and flowrate,TiO2,0.1,0.015,0.46,0.00019,200.0,6.0,5.0,1.0,KCl,4510,6.2,44.12,-14.8,2.87e-07,0.000275,None,0.0,None,1e-20,298.15,110.0,0.00104363636364,6.77971563105e-05,1.04579610781e-06,30694.340107,0.40488362522,1.13894244499e-08,25.198815029,0.731598389205,26.6975437361,147.780205322,-0.603039950233,6.66666666667
Mechanisms of TiO\textsubscript{2} nanoparticle transport in porous media: Role of solution chemistry nanoparticle concentration and flowrate,TiO2,0.1,0.015,0.46,0.00019,100.0,6.0,7.0,1.0,KCl,4510,6.2,-27.04,-41.7,1.19e-06,0.000275,None,0.0,None,1e-20,298.15,110.0,0.00432727272727,3.94349549335e-06,1.7979480973e-05,127269.215078,0.40488362522,1.13894244499e-08,104.482891584,0.731598389205,26.6975437361,698.885814561,0.912991453296,6.66666666667
Mechanisms of TiO\textsubscript{2} nanoparticle transport in porous media: Role of solution chemistry nanoparticle concentration and flowrate,TiO2,0.1,0.015,0.46,0.00019,200.0,6.0,7.0,1.0,KCl,4510,6.2,-27.04,-41.7,1.35e-06,0.000275,None,0.0,None,1e-20,298.15,110.0,0.00490909090909,3.06413386455e-06,2.31393291952e-05,144381.042315,0.40488362522,1.13894244499e-08,118.53101146,0.731598389205,26.6975437361,792.853655174,0.912991453296,6.66666666667
Mechanisms of TiO\textsubscript{2} nanoparticle transport in porous media: Role of solution chemistry nanoparticle concentration and flowrate,TiO2,0.1,0.015,0.46,0.00095,100.0,6.0,5.0,1.0,KCl,4510,6.2,33.35,-14.8,2.9e-07,0.000275,None,0.0,None,1e-20,298.15,110.0,0.00105454545455,1.32803423737e-05,2.13554741873e-07,155075.934339,0.40488362522,1.13894244499e-08,25.4622172767,0.731598389205,26.6975437361,91.7941352424,-0.741521675853,6.66666666667
Mechanisms of TiO\textsubscript{2} nanoparticle transport in porous media: Role of solution chemistry nanoparticle concentration and flowrate,TiO2,0.1,0.015,0.46,0.00095,200.0,6.0,5.0,1.0,KCl,4510,6.2,33.35,-14.8,2.87e-07,0.000275,None,0.0,None,1e-20,298.15,110.0,0.00104363636364,1.35594312621e-05,2.09159221562e-07,153471.700535,0.40488362522,1.13894244499e-08,25.198815029,0.731598389205,26.6975437361,90.8445407399,-0.741521675853,6.66666666667
Mechanisms of TiO\textsubscript{2} nanoparticle transport in porous media: Role of solution chemistry nanoparticle concentration and flowrate,TiO2,0.1,0.015,0.46,0.00095,100.0,6.0,7.0,1.0,KCl,4510,6.2,-21.62,-22.3,1.19e-06,0.000275,None,0.0,None,1e-20,298.15,110.0,0.00432727272727,7.88699098671e-07,3.59589619461e-06,636346.07539,0.40488362522,1.13894244499e-08,104.482891584,0.731598389205,26.6975437361,272.959969445,0.999520687159,6.66666666667
Mechanisms of TiO\textsubscript{2} nanoparticle transport in porous media: Role of solution chemistry nanoparticle concentration and flowrate,TiO2,0.1,0.015,0.46,0.00095,200.0,6.0,7.0,1.0,KCl,4510,6.2,-21.62,-22.3,1.35e-06,0.000275,None,0.0,None,1e-20,298.15,110.0,0.00490909090909,6.12826772909e-07,4.62786583904e-06,721905.211577,0.40488362522,1.13894244499e-08,118.53101146,0.731598389205,26.6975437361,309.660469538,0.999520687159,6.66666666667
Mechanisms of TiO\textsubscript{2} nanoparticle transport in porous media: Role of solution chemistry nanoparticle concentration and flowrate,TiO2,0.1,0.015,0.46,0.00019,100.0,6.0,5.0,10.0,KCl,4510,6.2,33.35,-9.1,1.07e-06,0.000275,None,0.0,None,1e-20,298.15,110.0,0.00389090909091,4.87761723132e-06,1.45361964311e-05,114435.34465,0.40488362522,1.13894244499e-08,93.946801676,0.731598389205,26.6975437361,304.030205107,-0.507910872717,6.66666666667
Mechanisms of TiO\textsubscript{2} nanoparticle transport in porous media: Role of solution chemistry nanoparticle concentration and flowrate,TiO2,0.1,0.015,0.46,0.00019,200.0,6.0,5.0,10.0,KCl,4510,6.2,33.35,-9.1,1.04e-06,0.000275,None,0.0,None,1e-20,298.15,110.0,0.00378181818182,5.16307689362e-06,1.37325094417e-05,111226.877043,0.40488362522,1.13894244499e-08,91.3127791991,0.731598389205,26.6975437361,295.505993749,-0.507910872717,6.66666666667
Mechanisms of TiO\textsubscript{2} nanoparticle transport in porous media: Role of solution chemistry nanoparticle concentration and flowrate,TiO2,0.1,0.015,0.46,0.00019,100.0,6.0,7.0,10.0,KCl,4510,6.2,-21.62,-22.2,1.34e-06,0.000275,None,0.0,None,1e-20,298.15,110.0,0.00487272727273,3.1100378526e-06,2.27977939659e-05,143311.553113,0.40488362522,1.13894244499e-08,117.653003968,0.731598389205,26.6975437361,305.948878241,0.999649679817,6.66666666667
Mechanisms of TiO\textsubscript{2} nanoparticle transport in porous media: Role of solution chemistry nanoparticle concentration and flowrate,TiO2,0.1,0.015,0.46,0.00019,200.0,6.0,7.0,10.0,KCl,4510,6.2,-21.62,-22.2,1.28e-06,0.000275,None,0.0,None,1e-20,298.15,110.0,0.00465454545455,3.40843748055e-06,2.08019077934e-05,136894.617899,0.40488362522,1.13894244499e-08,112.384959014,0.731598389205,26.6975437361,292.249674738,0.999649679817,6.66666666667
Mechanisms of TiO\textsubscript{2} nanoparticle transport in porous media: Role of solution chemistry nanoparticle concentration and flowrate,TiO2,0.1,0.015,0.46,0.00095,100.0,6.0,5.0,10.0,KCl,4510,6.2,33.35,-9.1,1.07e-06,0.000275,None,0.0,None,1e-20,298.15,110.0,0.00389090909091,9.75523446264e-07,2.90723928621e-06,572176.72325,0.40488362522,1.13894244499e-08,93.946801676,0.731598389205,26.6975437361,304.030205107,-0.507910872717,6.66666666667
Mechanisms of TiO\textsubscript{2} nanoparticle transport in porous media: Role of solution chemistry nanoparticle concentration and flowrate,TiO2,0.1,0.015,0.46,0.00095,200.0,6.0,5.0,10.0,KCl,4510,6.2,33.35,-9.1,1.04e-06,0.000275,None,0.0,None,1e-20,298.15,110.0,0.00378181818182,1.03261537872e-06,2.74650188834e-06,556134.385215,0.40488362522,1.13894244499e-08,91.3127791991,0.731598389205,26.6975437361,295.505993749,-0.507910872717,6.66666666667
Mechanisms of TiO\textsubscript{2} nanoparticle transport in porous media: Role of solution chemistry nanoparticle concentration and flowrate,TiO2,0.1,0.015,0.46,0.00095,100.0,6.0,7.0,10.0,KCl,4510,6.2,-21.62,-22.2,1.34e-06,0.000275,None,0.0,None,1e-20,298.15,110.0,0.00487272727273,6.22007570521e-07,4.55955879319e-06,716557.765565,0.40488362522,1.13894244499e-08,117.653003968,0.731598389205,26.6975437361,305.948878241,0.999649679817,6.66666666667
Mechanisms of TiO\textsubscript{2} nanoparticle transport in porous media: Role of solution chemistry nanoparticle concentration and flowrate,TiO2,0.1,0.015,0.46,0.00095,200.0,6.0,7.0,10.0,KCl,4510,6.2,-21.62,-22.2,1.28e-06,0.000275,None,0.0,None,1e-20,298.15,110.0,0.00465454545455,6.8168749611e-07,4.16038155868e-06,684473.089495,0.40488362522,1.13894244499e-08,112.384959014,0.731598389205,26.6975437361,292.249674738,0.999649679817,6.66666666667
Application of an empirical transport model to simulate retention of nanocrystalline titanium dioxide in sand columns ,TiO2,0.3,0.015,0.38,0.00235,50.0,80.0,4.5,10.0,NaCl,4510,5.8,29.1,-22.2,5e-07,0.0002,None,0.0,None,9.73e-21,298.15,110.0,0.0025,1.75725117309e-06,2.56630916562e-07,481014.28239,0.393951767339,1.13894244499e-08,43.9003746149,24.1745554694,43.072155102,159.262889586,-0.964460866644,20.0
Application of an empirical transport model to simulate retention of nanocrystalline titanium dioxide in sand columns ,TiO2,0.3,0.015,0.38,0.0005,50.0,80.0,4.5,10.0,NaCl,4510,5.8,29.1,-22.2,5e-07,0.0002,None,0.0,None,9.73e-21,298.15,110.0,0.0025,8.25908051352e-06,1.20616530784e-06,102343.464338,0.393951767339,1.13894244499e-08,43.9003746149,24.1745554694,43.072155102,159.262889586,-0.964460866644,20.0
Application of an empirical transport model to simulate retention of nanocrystalline titanium dioxide in sand columns ,TiO2,0.3,0.015,0.38,0.00113,50.0,80.0,4.5,10.0,NaCl,4510,5.8,29.1,-22.2,5e-07,0.0002,None,0.0,None,9.73e-21,298.15,110.0,0.0025,3.65446040421e-06,5.33701463648e-07,231296.229405,0.393951767339,1.13894244499e-08,43.9003746149,24.1745554694,43.072155102,159.262889586,-0.964460866644,20.0
"Transport and retention behaviors of titanium dioxide nanoparticles in iron oxide-coated quartz sand: Effects of pH, ionic strength, and humic acid ",TiO2,0.1,0.02,0.42,4.63e-05,50.0,4.5,5.0,1.0,NaCl,4510,6.4,-45.65,26.16,4.88e-07,0.00051,IronOxide,1.0,SRHA,6.94e-21,298.15,110.0,0.000956862745098,6.67832742792e-05,1.24078199167e-05,23586.3695406,0.280989235903,1.13894244499e-08,42.8467656242,1.18752202306,33.6391419474,321.204194911,-0.862780595564,5.0
"Transport and retention behaviors of titanium dioxide nanoparticles in iron oxide-coated quartz sand: Effects of pH, ionic strength, and humic acid ",TiO2,0.1,0.02,0.42,4.63e-05,50.0,4.5,5.0,1.0,NaCl,4510,6.4,-49.18,26.16,5.05e-07,0.00051,IronOxide,10.0,SRHA,6.94e-21,298.15,110.0,0.000990196078431,6.2362654916e-05,1.32873567012e-05,24408.0258566,0.280989235903,1.13894244499e-08,44.3393783611,1.18752202306,33.6391419474,372.588041092,-0.829224193994,5.0
"Transport and retention behaviors of titanium dioxide nanoparticles in iron oxide-coated quartz sand: Effects of pH, ionic strength, and humic acid ",TiO2,0.1,0.02,0.42,4.63e-05,50.0,4.5,5.0,10.0,NaCl,4510,6.4,-49.24,23.47,4.92e-07,0.00051,IronOxide,1.0,SRHA,6.94e-21,298.15,110.0,0.000964705882353,6.5701781636e-05,1.26120604353e-05,23779.7004385,0.280989235903,1.13894244499e-08,43.1979686211,1.18752202306,33.6391419474,348.06984516,-0.776806892879,5.0
"Transport and retention behaviors of titanium dioxide nanoparticles in iron oxide-coated quartz sand: Effects of pH, ionic strength, and humic acid ",TiO2,0.1,0.02,0.42,4.63e-05,50.0,4.5,5.0,10.0,NaCl,4510,6.4,-48.08,23.47,4.83e-07,0.00051,IronOxide,10.0,SRHA,6.94e-21,298.15,110.0,0.000947058823529,6.81731074759e-05,1.21548638662e-05,23344.7059183,0.280989235903,1.13894244499e-08,42.407761878,1.18752202306,33.6391419474,328.738073945,-0.788420498208,5.0
"Transport and retention behaviors of titanium dioxide nanoparticles in iron oxide-coated quartz sand: Effects of pH, ionic strength, and humic acid ",TiO2,0.1,0.02,0.42,4.63e-05,50.0,4.5,5.0,0.01,CaCl2,4510,6.4,26.32,33.31,4.54e-07,0.00051,IronOxide,0.0,None,6.94e-21,298.15,110.0,0.000890196078431,7.71606089287e-05,1.07390915158e-05,21943.0569087,0.280989235903,1.13498837079e-08,40.0004098442,1.18752202306,33.6391419474,194.552050492,0.972890117813,5.0
"Transport and retention behaviors of titanium dioxide nanoparticles in iron oxide-coated quartz sand: Effects of pH, ionic strength, and humic acid ",TiO2,0.1,0.02,0.42,4.63e-05,50.0,4.5,5.0,0.05,CaCl2,4510,6.4,24.28,30.82,4.63e-07,0.00051,IronOxide,0.0,None,6.94e-21,298.15,110.0,0.000907843137255,7.41899998132e-05,1.11690907506e-05,22378.0514289,0.280989235903,1.11904008344e-08,41.3747467003,1.18752202306,33.6391419474,169.46620969,0.972215242549,5.0
"Transport and retention behaviors of titanium dioxide nanoparticles in iron oxide-coated quartz sand: Effects of pH, ionic strength, and humic acid ",TiO2,0.1,0.02,0.42,4.63e-05,50.0,4.5,5.0,0.1,CaCl2,4510,6.4,20.53,27.21,5.36e-07,0.00051,IronOxide,0.0,None,6.94e-21,298.15,110.0,0.00105098039216,5.53576662047e-05,1.49687459301e-05,25906.3403151,0.280989235903,1.09882631195e-08,48.7793197313,1.18752202306,33.6391419474,148.072257357,0.961594161112,5.0
"Transport and retention behaviors of titanium dioxide nanoparticles in iron oxide-coated quartz sand: Effects of pH, ionic strength, and humic acid ",TiO2,0.1,0.02,0.42,4.63e-05,50.0,4.5,5.0,0.1,CaCl2,4510,6.4,25.59,27.21,4.68e-07,0.00051,IronOxide,1.0,SRHA,6.94e-21,298.15,110.0,0.000917647058824,7.26132116569e-05,1.14116263665e-05,22619.7150512,0.280989235903,1.09882631195e-08,42.5908985714,1.18752202306,33.6391419474,155.254995155,0.998119022769,5.0
"Transport and retention behaviors of titanium dioxide nanoparticles in iron oxide-coated quartz sand: Effects of pH, ionic strength, and humic acid ",TiO2,0.1,0.02,0.42,4.63e-05,50.0,4.5,5.0,0.1,CaCl2,4510,6.4,-31.98,27.21,4.68e-07,0.00051,IronOxide,10.0,SRHA,6.94e-21,298.15,110.0,0.000917647058824,7.26132116569e-05,1.14116263665e-05,22619.7150512,0.280989235903,1.09882631195e-08,42.5908985714,1.18752202306,33.6391419474,196.190125633,-0.987094979339,5.0
"Transport and retention behaviors of titanium dioxide nanoparticles in iron oxide-coated quartz sand: Effects of pH, ionic strength, and humic acid ",TiO2,0.1,0.02,0.42,4.63e-05,50.0,4.5,7.0,1.0,NaCl,4510,6.4,-46.79,23.29,4.72e-07,0.00051,IronOxide,1.0,SRHA,6.94e-21,298.15,110.0,0.000925490196078,7.13876942238e-05,1.16075305375e-05,22813.0459491,0.280989235903,1.13894244499e-08,41.4419536365,1.18752202306,33.6391419474,306.572166462,-0.797838599023,5.0
"Transport and retention behaviors of titanium dioxide nanoparticles in iron oxide-coated quartz sand: Effects of pH, ionic strength, and humic acid ",TiO2,0.1,0.02,0.42,4.63e-05,50.0,4.5,7.0,1.0,NaCl,4510,6.4,-48.02,23.29,4.78e-07,0.00051,IronOxide,10.0,SRHA,6.94e-21,298.15,110.0,0.000937254901961,6.96067824003e-05,1.19045129243e-05,23103.0422959,0.280989235903,1.13894244499e-08,41.9687581319,1.18752202306,33.6391419474,323.723069667,-0.785288296412,5.0
"Transport and retention behaviors of titanium dioxide nanoparticles in iron oxide-coated quartz sand: Effects of pH, ionic strength, and humic acid ",TiO2,0.1,0.02,0.42,4.63e-05,50.0,4.5,7.0,10.0,NaCl,4510,6.4,-46.54,21.73,4.82e-07,0.00051,IronOxide,1.0,SRHA,6.94e-21,298.15,110.0,0.000945098039216,6.84562768803e-05,1.21045852691e-05,23296.3731938,0.280989235903,1.13894244499e-08,42.3199611288,1.18752202306,33.6391419474,302.344552846,-0.766680167215,5.0
"Transport and retention behaviors of titanium dioxide nanoparticles in iron oxide-coated quartz sand: Effects of pH, ionic strength, and humic acid ",TiO2,0.1,0.02,0.42,4.63e-05,50.0,4.5,7.0,10.0,NaCl,4510,6.4,-48.88,21.73,5.09e-07,0.00051,IronOxide,10.0,SRHA,6.94e-21,298.15,110.0,0.000998039215686,6.1386346625e-05,1.34986831154e-05,24601.3567544,0.280989235903,1.13894244499e-08,44.690581358,1.18752202306,33.6391419474,346.303413558,-0.742395220768,5.0
"Transport and retention behaviors of titanium dioxide nanoparticles in iron oxide-coated quartz sand: Effects of pH, ionic strength, and humic acid ",TiO2,0.1,0.02,0.42,4.63e-05,50.0,4.5,7.0,0.01,CaCl2,4510,6.4,-22.62,27.51,4.64e-07,0.00051,IronOxide,0.0,None,6.94e-21,298.15,110.0,0.000909803921569,7.38705599265e-05,1.12173894651e-05,22426.3841534,0.280989235903,1.13498837079e-08,40.8814761403,1.18752202306,33.6391419474,139.942470385,-0.981148782642,5.0
"Transport and retention behaviors of titanium dioxide nanoparticles in iron oxide-coated quartz sand: Effects of pH, ionic strength, and humic acid ",TiO2,0.1,0.02,0.42,4.63e-05,50.0,4.5,7.0,0.05,CaCl2,4510,6.4,-19.04,25.35,5.55e-07,0.00051,IronOxide,0.0,None,6.94e-21,298.15,110.0,0.00108823529412,5.1632289814e-05,1.60487718768e-05,26824.66208,0.280989235903,1.11904008344e-08,49.5960786581,1.18752202306,33.6391419474,132.640011,-0.960387669788,5.0
"Transport and retention behaviors of titanium dioxide nanoparticles in iron oxide-coated quartz sand: Effects of pH, ionic strength, and humic acid ",TiO2,0.1,0.02,0.42,4.63e-05,50.0,4.5,7.0,0.1,CaCl2,4510,6.4,-17.38,24.66,7.74e-07,0.00051,IronOxide,0.0,None,6.94e-21,298.15,110.0,0.00151764705882,2.65476101028e-05,3.1213161467e-05,37409.5287386,0.280989235903,1.09882631195e-08,70.4387937912,1.18752202306,33.6391419474,167.502574787,-0.941771517722,5.0
"Transport and retention behaviors of titanium dioxide nanoparticles in iron oxide-coated quartz sand: Effects of pH, ionic strength, and humic acid ",TiO2,0.1,0.02,0.42,4.63e-05,50.0,4.5,7.0,0.1,CaCl2,4510,6.4,-32.37,24.66,4.54e-07,0.00051,IronOxide,1.0,SRHA,6.94e-21,298.15,110.0,0.000890196078431,7.71606089287e-05,1.07390915158e-05,21943.0569087,0.280989235903,1.09882631195e-08,41.316811862,1.18752202306,33.6391419474,178.752333951,-0.964102341128,5.0
"Transport and retention behaviors of titanium dioxide nanoparticles in iron oxide-coated quartz sand: Effects of pH, ionic strength, and humic acid ",TiO2,0.1,0.02,0.42,4.63e-05,50.0,4.5,7.0,0.1,CaCl2,4510,6.4,-30.43,24.66,4.56e-07,0.00051,IronOxide,10.0,SRHA,6.94e-21,298.15,110.0,0.000894117647059,7.64852457965e-05,1.08339174709e-05,22039.7223576,0.280989235903,1.09882631195e-08,41.4988242491,1.18752202306,33.6391419474,166.330499782,-0.978298097159,5.0
Transport and deposition of ZnO nanoparticles in saturated porous media,ZnO,0.2,0.04,0.42,9.26e-05,5.0,3.0,8.0,0.1,CaCl2,5610,9.4,-17.9,-50.1,4.24e-07,0.00051,None,0.0,None,6.956e-21,298.15,2.0,0.00083137254902,4.43349013092e-05,6.15107983918e-06,40986.1503492,0.281637049703,1.48165709678e-09,286.16607778,12.6669015793,33.6391419474,285.344810969,0.633679807237,5.0
Transport and deposition of ZnO nanoparticles in saturated porous media,ZnO,0.2,0.04,0.42,9.26e-05,5.0,3.0,8.0,0.3,CaCl2,5610,9.4,-12.8,-47.0,4.37e-07,0.00051,None,0.0,None,6.956e-21,298.15,2.0,0.000856862745098,4.1736361492e-05,6.53405107361e-06,42242.8011854,0.281637049703,1.36931881743e-09,319.136781323,12.6669015793,33.6391419474,246.548934576,0.507071694678,5.0
Transport and deposition of ZnO nanoparticles in saturated porous media,ZnO,0.2,0.04,0.42,9.26e-05,5.0,3.0,8.0,0.5,CaCl2,5610,9.4,-11.0,-40.7,4.57e-07,0.00051,None,0.0,None,6.956e-21,298.15,2.0,0.000896078431373,3.81632242326e-05,7.14581964964e-06,44176.1101642,0.281637049703,1.2539343625e-09,364.452888179,12.6669015793,33.6391419474,193.141946747,0.503744043567,5.0
Transport and deposition of ZnO nanoparticles in saturated porous media,ZnO,0.2,0.04,0.42,9.26e-05,5.0,3.0,8.0,1.0,CaCl2,5610,9.4,-7.8,-34.0,5.07e-07,0.00051,None,0.0,None,6.956e-21,298.15,2.0,0.000994117647059,3.1007127893e-05,8.79499444632e-06,49009.382611,0.281637049703,9.7129338064e-10,521.984407704,12.6669015793,33.6391419474,146.688029655,0.435883107064,5.0
Transport and deposition of ZnO nanoparticles in saturated porous media,ZnO,0.2,0.04,0.42,9.26e-05,5.0,3.0,8.0,1.0,NaCl,5610,9.4,-35.2,-72.3,3.87e-07,0.00051,None,0.0,None,6.956e-21,298.15,2.0,0.000758823529412,5.32176299352e-05,5.12438299014e-06,37409.5287386,0.281637049703,1.53574967953e-09,251.994192255,12.6669015793,33.6391419474,595.006990058,0.787142011002,5.0
Transport and deposition of ZnO nanoparticles in saturated porous media,ZnO,0.2,0.04,0.42,9.26e-05,5.0,3.0,8.0,10.0,NaCl,5610,9.4,-22.3,-67.6,4.83e-07,0.00051,None,0.0,None,6.956e-21,298.15,2.0,0.000947058823529,3.41651394526e-05,7.98204023119e-06,46689.4118365,0.281637049703,1.53574967953e-09,314.504379481,12.6669015793,33.6391419474,581.909649414,0.595012877315,5.0
Transport and deposition of ZnO nanoparticles in saturated porous media,ZnO,0.2,0.04,0.42,9.26e-05,5.0,3.0,8.0,20.0,NaCl,5610,9.4,-16.2,-61.4,5.83e-07,0.00051,None,0.0,None,6.956e-21,298.15,2.0,0.0011431372549,2.34498651553e-05,1.1629385321e-05,56355.9567302,0.281637049703,1.53574967953e-09,379.619157841,12.6669015793,33.6391419474,558.966009164,0.493343914294,5.0
Transport and deposition of ZnO nanoparticles in saturated porous media,ZnO,0.2,0.04,0.42,9.26e-05,5.0,3.0,8.0,5.0,NaCl,5610,9.4,-13.3,-60.3,6.03e-07,0.00051,None,0.0,None,6.956e-21,298.15,2.0,0.00118235294118,2.19201153375e-05,1.24409709263e-05,58289.2657089,0.281637049703,1.53574967953e-09,392.642113514,12.6669015793,33.6391419474,546.682381634,0.420663103399,5.0
Influence of natural organic matter on the transport and deposition of zinc oxide nanoparticles in saturated porous media,ZnO,0.2,0.04,0.42,9.26e-05,5.0,3.0,8.0,0.1,CaCl2,5610,9.4,-17.9,-50.2,4.24e-07,0.00051,None,0.0,None,6.96e-21,298.15,2.0,0.00083137254902,4.43603957895e-05,6.15107983918e-06,40986.1503492,0.281799003153,1.48165709678e-09,286.16607778,12.6669015793,33.6391419474,286.355971311,0.632702564734,5.0
Influence of natural organic matter on the transport and deposition of zinc oxide nanoparticles in saturated porous media,ZnO,0.2,0.04,0.42,9.26e-05,5.0,3.0,8.0,0.1,CaCl2,5610,9.4,-28.0,-50.2,3.03e-07,0.00051,None,1.0,Alg,1.54e-21,298.15,2.0,0.000594117647059,1.92199985132e-05,3.14126740475e-06,29289.6310279,0.0623520782839,1.48165709678e-09,204.500758413,12.6669015793,33.6391419474,238.035188572,0.850837156935,5.0
Influence of natural organic matter on the transport and deposition of zinc oxide nanoparticles in saturated porous media,ZnO,0.2,0.04,0.42,9.26e-05,5.0,3.0,8.0,0.1,CaCl2,5610,9.4,-29.6,-50.2,2.9e-07,0.00051,None,1.0,SRHA,1.54e-21,298.15,2.0,0.00056862745098,2.09817936206e-05,2.87750208301e-06,28032.9801917,0.0623520782839,1.48165709678e-09,195.726798481,12.6669015793,33.6391419474,234.17713795,0.875048583711,5.0
Influence of natural organic matter on the transport and deposition of zinc oxide nanoparticles in saturated porous media,ZnO,0.2,0.04,0.42,9.26e-05,5.0,3.0,8.0,0.3,CaCl2,5610,9.4,-14.8,-47.0,4.37e-07,0.00051,None,0.0,None,6.96e-21,298.15,2.0,0.000856862745098,4.17603616999e-05,6.53405107361e-06,42242.8011854,0.281799003153,1.36931881743e-09,319.136781323,12.6669015793,33.6391419474,252.284467182,0.572972438675,5.0
Influence of natural organic matter on the transport and deposition of zinc oxide nanoparticles in saturated porous media,ZnO,0.2,0.04,0.42,9.26e-05,5.0,3.0,8.0,0.3,CaCl2,5610,9.4,-19.0,-47.0,3.12e-07,0.00051,None,1.0,Alg,1.54e-21,298.15,2.0,0.000611764705882,1.81271454172e-05,3.33064878441e-06,30159.6200683,0.0623520782839,1.36931881743e-09,227.850516642,12.6669015793,33.6391419474,190.651820081,0.694941634241,5.0
Influence of natural organic matter on the transport and deposition of zinc oxide nanoparticles in saturated porous media,ZnO,0.2,0.04,0.42,9.26e-05,5.0,3.0,8.0,0.3,CaCl2,5610,9.4,-13.9,-47.0,3.2e-07,0.00051,None,1.0,SRHA,1.54e-21,298.15,2.0,0.000627450980392,1.72321176123e-05,3.50364106183e-06,30932.9436598,0.0623520782839,1.36931881743e-09,233.692837582,12.6669015793,33.6391419474,182.773903508,0.543915810858,5.0
Influence of natural organic matter on the transport and deposition of zinc oxide nanoparticles in saturated porous media,ZnO,0.2,0.04,0.42,9.26e-05,5.0,3.0,8.0,0.5,CaCl2,5610,9.4,-12.9,-40.7,4.57e-07,0.00051,None,0.0,None,6.96e-21,298.15,2.0,0.000896078431373,3.81851697325e-05,7.14581964964e-06,44176.1101642,0.281799003153,1.2539343625e-09,364.452888179,12.6669015793,33.6391419474,198.076194367,0.576038180921,5.0
Influence of natural organic matter on the transport and deposition of zinc oxide nanoparticles in saturated porous media,ZnO,0.2,0.04,0.42,9.26e-05,5.0,3.0,8.0,0.5,CaCl2,5610,9.4,-20.5,-40.7,3.05e-07,0.00051,None,1.0,Alg,1.54e-21,298.15,2.0,0.000598039215686,1.89687594033e-05,3.18287314236e-06,29482.9619257,0.0623520782839,1.2539343625e-09,243.234422089,12.6669015793,33.6391419474,150.603548781,0.803518976858,5.0
Influence of natural organic matter on the transport and deposition of zinc oxide nanoparticles in saturated porous media,ZnO,0.2,0.04,0.42,9.26e-05,5.0,3.0,8.0,0.5,CaCl2,5610,9.4,-14.6,-40.7,3.13e-07,0.00051,None,1.0,SRHA,1.54e-21,298.15,2.0,0.000613725490196,1.80115020414e-05,3.35203331237e-06,30256.2855172,0.0623520782839,1.2539343625e-09,249.614341357,12.6669015793,33.6391419474,139.14188729,0.635648383387,5.0
Influence of natural organic matter on the transport and deposition of zinc oxide nanoparticles in saturated porous media,ZnO,0.2,0.04,0.42,9.26e-05,5.0,3.0,8.0,1.0,CaCl2,5610,9.4,-9.8,-34.0,5.07e-07,0.00051,None,0.0,None,6.96e-21,298.15,2.0,0.000994117647059,3.10249583288e-05,8.79499444632e-06,49009.382611,0.281799003153,9.7129338064e-10,521.984407704,12.6669015793,33.6391419474,150.931330865,0.532251365771,5.0
Influence of natural organic matter on the transport and deposition of zinc oxide nanoparticles in saturated porous media,ZnO,0.2,0.04,0.42,9.26e-05,5.0,3.0,8.0,1.0,CaCl2,5610,9.4,-11.4,-34.0,3.33e-07,0.00051,None,1.0,Alg,1.54e-21,298.15,2.0,0.000652941176471,1.59129295376e-05,3.79409427447e-06,32189.594496,0.0623520782839,9.7129338064e-10,342.841829912,12.6669015793,33.6391419474,101.818086707,0.602818128091,5.0
Influence of natural organic matter on the transport and deposition of zinc oxide nanoparticles in saturated porous media,ZnO,0.2,0.04,0.42,9.26e-05,5.0,3.0,8.0,1.0,CaCl2,5610,9.4,-11.1,-34.0,3.21e-07,0.00051,None,1.0,SRHA,1.54e-21,298.15,2.0,0.000629411764706,1.7124919629e-05,3.52557303372e-06,31029.6091087,0.0623520782839,9.7129338064e-10,330.487169374,12.6669015793,33.6391419474,97.6337828491,0.590051672517,5.0
Influence of natural organic matter on the transport and deposition of zinc oxide nanoparticles in saturated porous media,ZnO,0.2,0.04,0.42,9.26e-05,5.0,3.0,8.0,10.0,NaCl,5610,9.4,-19.2,-61.4,5.83e-07,0.00051,None,0.0,None,6.96e-21,298.15,2.0,0.0011431372549,2.34633498391e-05,1.1629385321e-05,56355.9567302,0.281799003153,1.53574967953e-09,379.619157841,12.6669015793,33.6391419474,573.687314137,0.569699898516,5.0
Influence of natural organic matter on the transport and deposition of zinc oxide nanoparticles in saturated porous media,ZnO,0.2,0.04,0.42,9.26e-05,5.0,3.0,8.0,10.0,NaCl,5610,9.4,-27.2,-61.4,2.99e-07,0.00051,None,1.0,SRHA,1.54e-21,298.15,2.0,0.000586274509804,1.97376857473e-05,3.0588770954e-06,28902.9692321,0.0623520782839,1.53574967953e-09,194.693187298,12.6669015793,33.6391419474,320.613428966,0.740644817952,5.0
Influence of natural organic matter on the transport and deposition of zinc oxide nanoparticles in saturated porous media,ZnO,0.2,0.04,0.42,9.26e-05,5.0,3.0,8.0,10.0,NaCl,5610,9.4,-25.9,-61.4,3.19e-07,0.00051,None,1.0,Alg,1.54e-21,298.15,2.0,0.000625490196078,1.73403253063e-05,3.48177752044e-06,30836.2782109,0.0623520782839,1.53574967953e-09,207.71614297,12.6669015793,33.6391419474,336.823358396,0.716209125895,5.0
Influence of natural organic matter on the transport and deposition of zinc oxide nanoparticles in saturated porous media,ZnO,0.2,0.04,0.42,9.26e-05,5.0,3.0,8.0,1.0,NaCl,5610,9.4,-35.2,-72.3,3.87e-07,0.00051,None,0.0,None,6.96e-21,298.15,2.0,0.000758823529412,5.32482323676e-05,5.12438299014e-06,37409.5287386,0.281799003153,1.53574967953e-09,251.994192255,12.6669015793,33.6391419474,595.006990058,0.787142011002,5.0
Influence of natural organic matter on the transport and deposition of zinc oxide nanoparticles in saturated porous media,ZnO,0.2,0.04,0.42,9.26e-05,5.0,3.0,8.0,1.0,NaCl,5610,9.4,-54.7,-72.3,2.87e-07,0.00051,None,1.0,SRHA,1.54e-21,298.15,2.0,0.000562745098039,2.1422729953e-05,2.81827549436e-06,27742.9838449,0.0623520782839,1.53574967953e-09,186.879413894,12.6669015793,33.6391419474,560.885476205,0.962313459166,5.0
Influence of natural organic matter on the transport and deposition of zinc oxide nanoparticles in saturated porous media,ZnO,0.2,0.04,0.42,9.26e-05,5.0,3.0,8.0,1.0,NaCl,5610,9.4,-52.3,-72.3,2.99e-07,0.00051,None,1.0,Alg,1.54e-21,298.15,2.0,0.000586274509804,1.97376857473e-05,3.0588770954e-06,28902.9692321,0.0623520782839,1.53574967953e-09,194.693187298,12.6669015793,33.6391419474,566.080552843,0.949765025909,5.0
Influence of natural organic matter on the transport and deposition of zinc oxide nanoparticles in saturated porous media,ZnO,0.2,0.04,0.42,9.26e-05,5.0,3.0,8.0,20.0,NaCl,5610,9.4,-15.3,-60.3,6.03e-07,0.00051,None,0.0,None,6.96e-21,298.15,2.0,0.00118235294118,2.19327203492e-05,1.24409709263e-05,58289.2657089,0.281799003153,1.53574967953e-09,392.642113514,12.6669015793,33.6391419474,554.883377241,0.476768522394,5.0
Influence of natural organic matter on the transport and deposition of zinc oxide nanoparticles in saturated porous media,ZnO,0.2,0.04,0.42,9.26e-05,5.0,3.0,8.0,20.0,NaCl,5610,9.4,-21.3,-60.3,3.14e-07,0.00051,None,1.0,SRHA,1.54e-21,298.15,2.0,0.00061568627451,1.78969617783e-05,3.37348627083e-06,30352.9509662,0.0623520782839,1.53574967953e-09,204.460404052,12.6669015793,33.6391419474,305.33938969,0.62809735487,5.0
Influence of natural organic matter on the transport and deposition of zinc oxide nanoparticles in saturated porous media,ZnO,0.2,0.04,0.42,9.26e-05,5.0,3.0,8.0,20.0,NaCl,5610,9.4,-19.7,-60.3,3.21e-07,0.00051,None,1.0,Alg,1.54e-21,298.15,2.0,0.000629411764706,1.7124919629e-05,3.52557303372e-06,31029.6091087,0.0623520782839,1.53574967953e-09,209.018438537,12.6669015793,33.6391419474,307.139497241,0.590386115929,5.0
Influence of natural organic matter on the transport and deposition of zinc oxide nanoparticles in saturated porous media,ZnO,0.2,0.04,0.42,9.26e-05,5.0,3.0,8.0,5.0,NaCl,5610,9.4,-25.3,-67.6,4.83e-07,0.00051,None,0.0,None,6.96e-21,298.15,2.0,0.000947058823529,3.41847858813e-05,7.98204023119e-06,46689.4118365,0.281799003153,1.53574967953e-09,314.504379481,12.6669015793,33.6391419474,598.309072734,0.656556330796,5.0
Influence of natural organic matter on the transport and deposition of zinc oxide nanoparticles in saturated porous media,ZnO,0.2,0.04,0.42,9.26e-05,5.0,3.0,8.0,5.0,NaCl,5610,9.4,-34.8,-67.6,2.89e-07,0.00051,None,1.0,SRHA,1.54e-21,298.15,2.0,0.000566666666667,2.11272475604e-05,2.8576914563e-06,27936.3147428,0.0623520782839,1.53574967953e-09,188.181709462,12.6669015793,33.6391419474,397.227242343,0.813894270689,5.0
Influence of natural organic matter on the transport and deposition of zinc oxide nanoparticles in saturated porous media,ZnO,0.2,0.04,0.42,9.26e-05,5.0,3.0,8.0,5.0,NaCl,5610,9.4,-31.8,-67.6,3.02e-07,0.00051,None,1.0,Alg,1.54e-21,298.15,2.0,0.000592156862745,1.93474940079e-05,3.12056718168e-06,29192.9655789,0.0623520782839,1.53574967953e-09,196.646630649,12.6669015793,33.6391419474,400.748775288,0.770356566923,5.0
Fate and transport of elemental copper (Cu\textsuperscript{0}) nanoparticles through saturated porous media in the presence of organic materials ,CuO,0.3,0.015,0.44,0.000261,9.62,6.0,6.55,0.0,NaCl,8940,10.0,-4.14,-58.0,3e-07,0.000256,None,1.0,TRIZMA,1e-20,298.15,18.1,0.001171875,4.5169559555e-05,1.88170793679e-06,41029.0854794,0.40488362522,1e-06,0.3,2.09936929076,29.91460245,241.177947728,0.142034951766,20.0
Fate and transport of elemental copper (Cu\textsuperscript{0}) nanoparticles through saturated porous media in the presence of organic materials ,CuO,0.3,0.015,0.44,0.000261,8.65,6.0,8.61,100.0,NaCl,8940,10.0,-36.6,-41.0,3e-07,0.000256,None,1.0,TRIZMA,1e-20,298.15,18.1,0.001171875,4.5169559555e-05,1.88170793679e-06,41029.0854794,0.40488362522,4.62002922692e-09,64.9346541472,2.09936929076,29.91460245,215.457670482,0.993590592473,20.0
Fate and transport of elemental copper (Cu\textsuperscript{0}) nanoparticles through saturated porous media in the presence of organic materials ,CuO,0.3,0.015,0.44,0.000261,8.57,6.0,8.57,0.0,NaCl,8940,10.0,-16.3,-50.0,3e-07,0.000256,None,1.0,TRIZMA,1e-20,298.15,18.1,0.001171875,4.5169559555e-05,1.88170793679e-06,41029.0854794,0.40488362522,1e-06,0.3,2.09936929076,29.91460245,197.277698398,0.589364679339,20.0
Fate and transport of elemental copper (Cu\textsuperscript{0}) nanoparticles through saturated porous media in the presence of organic materials ,CuO,0.3,0.015,0.44,0.000261,4.32,6.0,6.44,0.0,NaCl,8940,10.0,-26.5,-38.0,3e-07,0.000256,None,10.0,SRHA,1e-20,298.15,18.1,0.001171875,4.5169559555e-05,1.88170793679e-06,41029.0854794,0.40488362522,1e-06,0.3,2.09936929076,29.91460245,153.09281235,0.938380896913,20.0
Fate and transport of elemental copper (Cu\textsuperscript{0}) nanoparticles through saturated porous media in the presence of organic materials ,CuO,0.3,0.015,0.44,0.000261,5.57,6.0,6.52,0.0,NaCl,8940,10.0,-27.5,-31.0,3e-07,0.000256,None,1.0,SRHA,1e-20,298.15,18.1,0.001171875,4.5169559555e-05,1.88170793679e-06,41029.0854794,0.40488362522,1e-06,0.3,2.09936929076,29.91460245,122.492082473,0.992866501674,20.0
Fate and transport of elemental copper (Cu\textsuperscript{0}) nanoparticles through saturated porous media in the presence of organic materials ,CuO,0.3,0.015,0.44,0.000261,4.41,6.0,6.63,0.0,NaCl,8940,10.0,-22.9,-31.0,3e-07,0.000256,None,1.0,SRHA,1e-20,298.15,18.1,0.001171875,4.5169559555e-05,1.88170793679e-06,41029.0854794,0.40488362522,1e-06,0.3,2.09936929076,29.91460245,105.954848872,0.955830376798,20.0
Fate and transport of elemental copper (Cu\textsuperscript{0}) nanoparticles through saturated porous media in the presence of organic materials ,CuO,0.3,0.015,0.44,0.000261,11.2,6.0,6.63,0.0,NaCl,8940,10.0,-25.8,-35.0,3e-07,0.000256,None,5.0,SRHA,1e-20,298.15,18.1,0.001171875,4.5169559555e-05,1.88170793679e-06,41029.0854794,0.40488362522,1e-06,0.3,2.09936929076,29.91460245,134.860055791,0.955232090721,20.0
Fate and transport of elemental copper (Cu\textsuperscript{0}) nanoparticles through saturated porous media in the presence of organic materials ,CuO,0.3,0.015,0.44,0.000261,7.45,6.0,6.75,0.0,NaCl,8940,10.0,-24.9,-31.0,3e-07,0.000256,None,1.0,SRHA,1e-20,298.15,18.1,0.001171875,4.5169559555e-05,1.88170793679e-06,41029.0854794,0.40488362522,1e-06,0.3,2.09936929076,29.91460245,112.7740325,0.97646441199,20.0
Fate and transport of elemental copper (Cu\textsuperscript{0}) nanoparticles through saturated porous media in the presence of organic materials ,CuO,0.3,0.015,0.44,0.000261,4.98,6.0,6.7,0.0,NaCl,8940,10.0,-26.6,-31.0,3e-07,0.000256,None,1.0,FA,1e-20,298.15,18.1,0.001171875,4.5169559555e-05,1.88170793679e-06,41029.0854794,0.40488362522,1e-06,0.3,2.09936929076,29.91460245,119.019006627,0.988397180803,20.0
Transport and retention of zinc oxide nanoparticles in porous media: Effects of natural organic matter versus natural organic ligands at circumneutral pH,ZnO,0.3,0.015,0.44,9.42e-05,5.035,8.0,7.56,0.0,None,5600,9.5,22.0,-41.0,1.45e-07,0.000256,None,0.0,None,1.89e-20,298.15,2.0,0.00056640625,0.00101252037078,7.05622865505e-07,7157.29602252,0.765230051666,1.53574967953e-09,94.4164286227,2.79915905435,29.91460245,74.6412908047,-0.833256351039,20.0
Transport and retention of zinc oxide nanoparticles in porous media: Effects of natural organic matter versus natural organic ligands at circumneutral pH,ZnO,0.3,0.015,0.44,9.42e-05,8.19,8.0,7.34,0.0,None,5600,9.5,-26.3,-32.3,1.45e-07,0.000256,None,1.0,FA,1.89e-20,298.15,2.0,0.00056640625,0.00101252037078,7.05622865505e-07,7157.29602252,0.765230051666,1.53574967953e-09,94.4164286227,2.79915905435,29.91460245,59.8157721572,0.979250481274,20.0
Transport and retention of zinc oxide nanoparticles in porous media: Effects of natural organic matter versus natural organic ligands at circumneutral pH,ZnO,0.3,0.015,0.44,9.42e-05,8.61,8.0,7.52,0.0,None,5600,9.5,-28.7,-32.3,1.45e-07,0.000256,None,1.0,HA,1.89e-20,298.15,2.0,0.00056640625,0.00101252037078,7.05622865505e-07,7157.29602252,0.765230051666,1.53574967953e-09,94.4164286227,2.79915905435,29.91460245,64.3666499338,0.99305830807,20.0
Transport and retention of zinc oxide nanoparticles in porous media: Effects of natural organic matter versus natural organic ligands at circumneutral pH,ZnO,0.3,0.015,0.44,9.42e-05,8.17,8.0,7.33,0.0,None,5600,9.5,-27.4,-31.4,1.45e-07,0.000256,None,1.0,HA,1.89e-20,298.15,2.0,0.00056640625,0.00101252037078,7.05622865505e-07,7157.29602252,0.765230051666,1.53574967953e-09,94.4164286227,2.79915905435,29.91460245,59.8757610006,0.990787231102,20.0
Transport and retention of zinc oxide nanoparticles in porous media: Effects of natural organic matter versus natural organic ligands at circumneutral pH,ZnO,0.3,0.015,0.44,9.42e-05,7.405,8.0,7.45,0.0,None,5600,9.5,-22.3,-31.4,1.45e-07,0.000256,None,1.0,FA,1.89e-20,298.15,2.0,0.00056640625,0.00101252037078,7.05622865505e-07,7157.29602252,0.765230051666,1.53574967953e-09,94.4164286227,2.79915905435,29.91460245,51.1370413793,0.944169897185,20.0
Transport and retention of zinc oxide nanoparticles in porous media: Effects of natural organic matter versus natural organic ligands at circumneutral pH,ZnO,0.3,0.015,0.44,9.42e-05,6.61,8.0,7.39,0.0,None,5600,9.5,-14.1,-46.0,1.45e-07,0.000256,None,0.768496,Citric,1.89e-20,298.15,2.0,0.00056640625,0.00101252037078,7.05622865505e-07,7157.29602252,0.765230051666,1.53574967953e-09,94.4164286227,2.79915905435,29.91460245,79.8061923176,0.560391565614,20.0
Transport and retention of zinc oxide nanoparticles in porous media: Effects of natural organic matter versus natural organic ligands at circumneutral pH,ZnO,0.3,0.015,0.44,9.42e-05,4.66,8.0,7.62,0.0,None,5600,9.5,15.3,-43.5,1.45e-07,0.000256,None,0.7202792,Oxalic,1.89e-20,298.15,2.0,0.00056640625,0.00101252037078,7.05622865505e-07,7157.29602252,0.765230051666,1.53574967953e-09,94.4164286227,2.79915905435,29.91460245,73.3084352377,-0.626005248455,20.0
Transport and retention of zinc oxide nanoparticles in porous media: Effects of natural organic matter versus natural organic ligands at circumneutral pH,ZnO,0.3,0.015,0.44,9.42e-05,4.33,8.0,7.54,0.0,None,5600,9.5,23.7,-42.5,1.45e-07,0.000256,None,0.7364064,Formic,1.89e-20,298.15,2.0,0.00056640625,0.00101252037078,7.05622865505e-07,7157.29602252,0.765230051666,1.53574967953e-09,94.4164286227,2.79915905435,29.91460245,81.6379206227,-0.850739461304,20.0
Transport and retention of multi-walled carbon nanotubes in saturated porous media: Effects of input concentration and grain size ,MWCNT,0.12,0.03,0.45,0.000237,1.0,2.2,8.5,1.0,KCl,1730,4.7,-7.0,-78.0,1.9e-07,0.00024,None,0.0,None,9.8e-21,298.15,1328.0,0.000791666666667,0.000121534450117,7.64207733362e-08,22120.925756,0.396785952716,3.95735009813e-08,4.80119259829,2.51924314891,28.248438455,277.063811216,0.178053155063,4.0
Transport and retention of multi-walled carbon nanotubes in saturated porous media: Effects of input concentration and grain size ,MWCNT,0.12,0.03,0.44,0.000242,0.005,3.0,8.5,1.0,KCl,1730,4.7,-7.0,-78.0,1.9e-07,0.00035,None,0.0,None,9.8e-21,298.15,1328.0,0.000542857142857,0.000119023407759,7.48418317384e-08,32940.2674319,0.396785952716,3.95735009813e-08,4.80119259829,3.35899086522,29.91460245,277.063811216,0.178053155063,4.0
Transport and retention of multi-walled carbon nanotubes in saturated porous media: Effects of input concentration and grain size ,MWCNT,0.12,0.03,0.38,0.000277,0.01,2.5,8.5,1.0,KCl,1730,4.7,-7.0,-78.0,1.9e-07,0.00035,None,0.0,None,9.8e-21,298.15,1328.0,0.000542857142857,0.000103984349017,6.53852826018e-08,37704.3556969,0.396785952716,3.95735009813e-08,4.80119259829,2.41745554694,43.072155102,277.063811216,0.178053155063,4.0
Transport and retention of multi-walled carbon nanotubes in saturated porous media: Effects of input concentration and grain size ,MWCNT,0.12,0.03,0.43,0.000255,0.005,3.0,8.5,1.0,KCl,1730,4.7,-7.0,-78.0,1.9e-07,0.00035,None,0.0,None,9.8e-21,298.15,1328.0,0.000542857142857,0.000112955547756,7.10263658066e-08,34709.7859304,0.396785952716,3.95735009813e-08,4.80119259829,3.28265016374,31.7072905902,277.063811216,0.178053155063,4.0
Transport and retention of multi-walled carbon nanotubes in saturated porous media: Effects of input concentration and grain size ,MWCNT,0.12,0.03,0.46,0.000238,1.0,3.2,8.5,1.0,KCl,1730,4.7,-7.0,-78.0,4.51e-08,0.000607,None,0.0,None,9.8e-21,298.15,1328.0,7.42998352554e-05,0.00214795365909,4.2877425301e-09,13336.206129,0.396785952716,3.95735009813e-08,1.13965150623,3.74578375273,26.6975437361,65.7661993992,0.178053155063,4.0
Sensitivity of the transport and retention of stabilized silver nanoparticles to physicochemical factors ,Ag,0.12,0.03,0.396,0.000117,1.0,2.68,6.5,1.0,KNO3,10500,1.3,-16.9,-55.0,4.51e-08,0.000607,None,0.0,None,2.37e-21,298.15,2.65,7.42998352554e-05,0.00105666731288,1.13506449603e-07,6556.03410545,0.0959574191771,1.76778063645e-09,25.5122151867,2.70062865564,38.9324258825,35.500772443,0.561527935939,4.0
Sensitivity of the transport and retention of stabilized silver nanoparticles to physicochemical factors ,Ag,0.12,0.03,0.415,0.000117,10.0,2.56,6.5,1.0,KNO3,10500,1.3,-16.9,-55.0,4.51e-08,0.000607,None,0.0,None,2.37e-21,298.15,2.65,7.42998352554e-05,0.00105666731288,1.13506449603e-07,6556.03410545,0.0959574191771,1.76778063645e-09,25.5122151867,2.70347870849,34.6616324643,35.500772443,0.561527935939,4.0
Sensitivity of the transport and retention of stabilized silver nanoparticles to physicochemical factors ,Ag,0.12,0.03,0.429,0.000117,5.0,2.47,6.5,1.0,KNO3,10500,1.3,-16.9,-55.0,4.51e-08,0.000607,None,0.0,None,2.37e-21,298.15,2.65,7.42998352554e-05,0.00105666731288,1.13506449603e-07,6556.03410545,0.0959574191771,1.76778063645e-09,25.5122151867,2.69642991705,31.8939917876,35.500772443,0.561527935939,4.0
Sensitivity of the transport and retention of stabilized silver nanoparticles to physicochemical factors ,Ag,0.12,0.03,0.418,0.000117,10.0,2.54,6.5,1.0,KNO3,10500,1.3,-16.9,-55.0,4.51e-08,0.000607,None,0.0,None,2.37e-21,298.15,2.65,7.42998352554e-05,0.00105666731288,1.13506449603e-07,6556.03410545,0.0959574191771,1.76778063645e-09,25.5122151867,2.70174831926,34.0434335061,35.500772443,0.561527935939,4.0
Sensitivity of the transport and retention of stabilized silver nanoparticles to physicochemical factors ,Ag,0.12,0.03,0.388,0.000117,10.0,2.73,6.5,2.5,KNO3,10500,1.3,-7.5,-55.4,4.82e-08,0.000607,None,0.0,None,2.37e-21,298.15,2.65,7.94069192751e-05,0.000925118317983,1.29646719522e-07,7006.67059607,0.0959574191771,1.76778063645e-09,27.2658264302,2.69543748793,40.9342259669,35.8184900491,0.265885115873,4.0
Sensitivity of the transport and retention of stabilized silver nanoparticles to physicochemical factors ,Ag,0.12,0.03,0.403,0.000117,10.0,2.63,6.5,5.0,KNO3,10500,1.3,-3.2,-55.3,6.07e-08,0.000607,None,0.0,None,2.37e-21,298.15,2.65,0.0001,0.000583329546578,2.05610286329e-07,8823.75321953,0.0959574191771,1.76778063645e-09,34.3368395085,2.69709153647,37.283851866,44.2837097624,0.115346132913,4.0
Sensitivity of the transport and retention of stabilized silver nanoparticles to physicochemical factors ,Ag,0.12,0.03,0.427,5e-06,10.0,2.48,6.5,1.0,KNO3,10500,1.3,-16.9,-55.0,4.51e-08,0.000607,None,0.0,None,2.37e-21,298.15,2.65,7.42998352554e-05,0.0247260151214,2.6560509207e-06,280.172397669,0.0959574191771,1.76778063645e-09,25.5122151867,2.69472497472,32.2716191467,35.500772443,0.561527935939,4.0
Sensitivity of the transport and retention of stabilized silver nanoparticles to physicochemical factors ,Ag,0.12,0.03,0.393,2.33e-05,10.0,2.7,6.5,1.0,KNO3,10500,1.3,-16.9,-55.0,4.51e-08,0.000607,None,0.0,None,2.37e-21,298.15,2.65,7.42998352554e-05,0.00530601182862,5.69968008735e-07,1305.60337314,0.0959574191771,1.76778063645e-09,25.5122151867,2.70017061143,39.6678707703,35.500772443,0.561527935939,4.0
Sensitivity of the transport and retention of stabilized silver nanoparticles to physicochemical factors ,Ag,0.12,0.03,0.411,0.000117,10.0,2.58,6.5,5.0,KNO3,10500,1.3,-3.2,-55.3,6.07e-08,0.000607,None,0.0,None,2.37e-21,298.15,2.65,0.0001,0.000583329546578,2.05610286329e-07,8823.75321953,0.0959574191771,1.76778063645e-09,34.3368395085,2.69833843459,35.5085180534,44.2837097624,0.115346132913,4.0
Sensitivity of the transport and retention of stabilized silver nanoparticles to physicochemical factors ,Ag,0.12,0.03,0.428,0.000117,10.0,2.48,6.5,5.0,KNO3,10500,1.3,-3.2,-55.3,6.07e-08,0.000607,None,0.0,None,2.37e-21,298.15,2.65,0.0001,0.000583329546578,2.05610286329e-07,8823.75321953,0.0959574191771,1.76778063645e-09,34.3368395085,2.70103580604,32.0820967666,44.2837097624,0.115346132913,4.0
Sensitivity of the transport and retention of stabilized silver nanoparticles to physicochemical factors ,Ag,0.12,0.03,0.403,0.000117,10.0,2.63,6.5,5.0,KNO3,10500,1.3,-3.2,-55.3,6.07e-08,0.000607,None,0.0,None,2.37e-21,298.15,2.65,0.0001,0.000583329546578,2.05610286329e-07,8823.75321953,0.0959574191771,1.76778063645e-09,34.3368395085,2.69709153647,37.283851866,44.2837097624,0.115346132913,4.0
Influence of Collector Surface Composition and Water Chemistry on the Deposition of Cerium Dioxide Nanoparticles: QCM-D and Column Experiment Approaches ,CeO,0.15,0.025,0.387,5.11e-05,35.1,6.0,4.0,10.0,NaCl,7220,6.8,32.7,-31.7,1.97e-07,0.000275,None,0.0,None,9.07e-21,298.15,26.0,0.000716363636364,0.000485269288984,3.24662141567e-06,5666.4352385,0.367229448075,5.53722421584e-09,35.5773926287,4.27428406736,41.1937845266,97.1551679369,-0.999517881765,6.0
Influence of Collector Surface Composition and Water Chemistry on the Deposition of Cerium Dioxide Nanoparticles: QCM-D and Column Experiment Approaches ,CeO,0.15,0.025,0.387,5.11e-05,43.9,6.0,6.0,10.0,NaCl,7220,6.8,13.4,-45.7,2.19e-06,0.000275,None,0.0,None,9.07e-21,298.15,26.0,0.00796363636364,3.92669373787e-06,0.000401224483282,62992.3511285,0.367229448075,5.53722421584e-09,395.505024654,4.27428406736,41.1937845266,1181.00021771,-0.540005731796,6.0
Influence of Collector Surface Composition and Water Chemistry on the Deposition of Cerium Dioxide Nanoparticles: QCM-D and Column Experiment Approaches ,CeO,0.15,0.025,0.387,5.11e-05,37.2,6.0,8.5,10.0,NaCl,7220,6.8,-32.5,-54.4,6.19e-07,0.000275,None,0.0,None,9.07e-21,298.15,26.0,0.00225090909091,4.91511814516e-05,3.20538717372e-05,17804.6873738,0.367229448075,5.53722421584e-09,111.788863133,4.27428406736,41.1937845266,591.010796281,0.880563600549,6.0
Transport of Ferrihydrite Nanoparticles in Saturated Porous Media: Role of Ionic Strength and Flow Rate ,FeOx,0.112,0.016,0.45,0.000155,7.5,18.0,10.0,3.0,NaCl,3800,8.8,-32.4,-30.8,1.07e-07,0.000194,None,0.0,None,2.1e-20,298.15,14.2,0.000551546391753,0.00125559308084,1.42142385834e-07,6585.78146148,0.850255612962,4.09213174949e-09,26.1477407255,2.91845412386,28.248438455,50.8416266408,0.99871897518,7.0
Transport of Ferrihydrite Nanoparticles in Saturated Porous Media: Role of Ionic Strength and Flow Rate ,FeOx,0.112,0.016,0.45,0.000155,7.5,18.0,10.0,5.0,NaCl,3800,8.8,-30.1,-28.3,1.07e-07,0.000194,None,0.0,None,2.1e-20,298.15,14.2,0.000551546391753,0.00125559308084,1.42142385834e-07,6585.78146148,0.850255612962,4.09213174949e-09,26.1477407255,2.91845412386,28.248438455,43.425526678,0.998101822017,7.0
Transport of Ferrihydrite Nanoparticles in Saturated Porous Media: Role of Ionic Strength and Flow Rate ,FeOx,0.112,0.016,0.45,0.000155,7.5,18.0,10.0,10.0,NaCl,3800,8.8,-27.2,-22.2,1.07e-07,0.000194,None,0.0,None,2.1e-20,298.15,14.2,0.000551546391753,0.00125559308084,1.42142385834e-07,6585.78146148,0.850255612962,4.09213174949e-09,26.1477407255,2.91845412386,28.248438455,31.3608168173,0.979718986274,7.0
Transport of Ferrihydrite Nanoparticles in Saturated Porous Media: Role of Ionic Strength and Flow Rate ,FeOx,0.112,0.016,0.45,0.000233,7.5,18.0,10.0,10.0,NaCl,3800,8.8,-27.2,-22.2,1.07e-07,0.000194,None,0.0,None,2.1e-20,298.15,14.2,0.000551546391753,0.000835265783389,9.45582395036e-08,9899.91664855,0.850255612962,4.09213174949e-09,26.1477407255,2.91845412386,28.248438455,31.3608168173,0.979718986274,7.0
Transport and Retention of Nanoscale C\textsubscript{60} Aggregates in Water-Saturated Porous Media ,C60,0.15,0.025,0.38,3.24e-05,2.44,3.0,7.0,3.07,CaCl2,1450,3.0,-23.9,-55.0,9.5e-08,0.00036,None,0.0,None,4.71e-21,298.15,4.4,0.000263888888889,0.0017090609805,8.61478466547e-08,2268.09491928,0.190700187479,3.8091420343e-10,249.399993869,2.09848571783,43.072155102,81.2310165118,0.731047408244,6.0
Transport and Retention of Nanoscale C\textsubscript{60} Aggregates in Water-Saturated Porous Media ,C60,0.15,0.025,0.38,3.24e-05,1.34,3.0,7.0,3.07,CaCl2,1450,3.0,-23.9,-55.0,9.5e-08,0.00036,None,0.0,None,4.71e-21,298.15,4.4,0.000263888888889,0.0017090609805,8.61478466547e-08,2268.09491928,0.190700187479,3.8091420343e-10,249.399993869,2.09848571783,43.072155102,81.2310165118,0.731047408244,6.0
Transport and Retention of Nanoscale C\textsubscript{60} Aggregates in Water-Saturated Porous Media ,C60,0.15,0.025,0.38,3.24e-05,1.34,3.0,7.0,3.07,CaCl2,1450,3.0,-23.9,-55.0,9.5e-08,0.00036,None,0.0,None,4.71e-21,298.15,4.4,0.000263888888889,0.0017090609805,8.61478466547e-08,2268.09491928,0.190700187479,3.8091420343e-10,249.399993869,2.09848571783,43.072155102,81.2310165118,0.731047408244,6.0
Transport and Retention of Nanoscale C\textsubscript{60} Aggregates in Water-Saturated Porous Media ,C60,0.15,0.025,0.37,3.16e-05,2.25,4.56,7.0,3.07,CaCl2,1450,3.0,-23.9,-30.0,9.5e-08,0.00036,None,0.0,None,4.71e-21,298.15,4.4,0.000263888888889,0.0017523283471,8.83288047979e-08,2212.0925756,0.190700187479,3.8091420343e-10,249.399993869,3.10575886238,45.9547236374,33.2316199005,0.974707893503,6.0
Transport and Retention of Nanoscale C\textsubscript{60} Aggregates in Water-Saturated Porous Media ,C60,0.15,0.025,0.37,3.16e-05,1.34,3.0,7.0,3.07,CaCl2,1450,3.0,-23.9,-30.0,9.5e-08,0.00036,None,0.0,None,4.71e-21,298.15,4.4,0.000263888888889,0.0017523283471,8.83288047979e-08,2212.0925756,0.190700187479,3.8091420343e-10,249.399993869,2.04326240946,45.9547236374,33.2316199005,0.974707893503,6.0
Facilitated transport of Cu with hydroxyapatite nanoparticles in saturated sand: Effects of solution ionic strength and composition ,HAP,0.2,0.026,0.4,0.000167,200.0,3.75,5.7,0.0,NaCl,3200,5.0,-53.0,-79.6,1e-07,0.0006,None,0.0,None,1e-20,298.15,15.4,0.000166666666667,0.000635349074219,9.05390476229e-08,20509.6302534,0.40488362522,1e-06,0.1,4.14124743596,37.9790961239,217.442556985,0.92263011254,7.69230769231
Facilitated transport of Cu with hydroxyapatite nanoparticles in saturated sand: Effects of solution ionic strength and composition ,HAP,0.2,0.026,0.4,0.000167,200.0,3.75,5.8,1.0,NaCl,3200,5.0,-35.2,-71.0,1.02e-07,0.0006,None,0.0,None,1e-20,298.15,15.4,0.00017,0.000610677695328,9.41968251469e-08,20919.8228585,0.40488362522,4.26153241241e-09,23.9350520256,4.14124743596,37.9790961239,152.305581825,0.795918497334,7.69230769231
Facilitated transport of Cu with hydroxyapatite nanoparticles in saturated sand: Effects of solution ionic strength and composition ,HAP,0.2,0.026,0.4,0.000167,200.0,3.75,5.9,10.0,NaCl,3200,5.0,-31.4,-50.2,1.08e-07,0.0006,None,0.0,None,1e-20,298.15,15.4,0.00018,0.000544709425771,1.05604745147e-07,22150.4006737,0.40488362522,4.26153241241e-09,25.3429962624,4.14124743596,37.9790961239,90.0303431731,0.899189960068,7.69230769231
Facilitated transport of Cu with hydroxyapatite nanoparticles in saturated sand: Effects of solution ionic strength and composition ,HAP,0.2,0.026,0.4,0.000167,200.0,3.75,5.8,50.0,NaCl,3200,5.0,-25.8,-30.58,1.19e-07,0.0006,None,0.0,None,1e-20,298.15,15.4,0.000198333333333,0.000448661163914,1.28212345339e-07,24406.4600016,0.40488362522,4.26153241241e-09,27.9242273632,4.14124743596,37.9790961239,45.2929776141,0.98572667613,7.69230769231
Facilitated transport of Cu with hydroxyapatite nanoparticles in saturated sand: Effects of solution ionic strength and composition ,HAP,0.2,0.026,0.4,0.000167,200.0,3.75,5.8,100.0,NaCl,3200,5.0,-20.0,-24.7,1.33e-07,0.0006,None,0.0,None,1e-20,298.15,15.4,0.000221666666667,0.000359177496873,1.6015452134e-07,27277.808237,0.40488362522,4.26153241241e-09,31.2094305824,4.14124743596,37.9790961239,31.9422092858,0.978130661624,7.69230769231
Facilitated transport of Cu with hydroxyapatite nanoparticles in saturated sand: Effects of solution ionic strength and composition ,HAP,0.2,0.026,0.4,0.000167,200.0,3.75,5.9,0.1,CaCl2,3200,5.0,-34.9,-47.0,1.03e-07,0.0006,None,0.0,None,1e-20,298.15,15.4,0.000171666666667,0.000598877438231,9.60528756232e-08,21124.919161,0.40488362522,4.1114315869e-09,25.0521011533,4.14124743596,37.9790961239,83.9277991561,0.957277626853,7.69230769231
Facilitated transport of Cu with hydroxyapatite nanoparticles in saturated sand: Effects of solution ionic strength and composition ,HAP,0.2,0.026,0.4,0.000167,200.0,3.75,5.8,0.3,CaCl2,3200,5.0,-31.5,-36.2,1.09e-07,0.0006,None,0.0,None,1e-20,298.15,15.4,0.000181666666667,0.000534760604511,1.07569442481e-07,22355.4969762,0.40488362522,3.79970551268e-09,28.6864336292,4.14124743596,37.9790961239,59.6781306924,0.990406871963,7.69230769231
Facilitated transport of Cu with hydroxyapatite nanoparticles in saturated sand: Effects of solution ionic strength and composition ,HAP,0.2,0.026,0.4,0.000167,200.0,3.75,5.7,0.5,CaCl2,3200,5.0,-28.4,-31.7,1.14e-07,0.0006,None,0.0,None,1e-20,298.15,15.4,0.00019,0.000488880481855,1.17664546291e-07,23380.9784889,0.40488362522,3.47952664425e-09,32.7630771813,4.14124743596,37.9790961239,49.1003333599,0.993988241464,7.69230769231
Facilitated transport of Cu with hydroxyapatite nanoparticles in saturated sand: Effects of solution ionic strength and composition ,HAP,0.2,0.026,0.4,0.000167,200.0,3.75,5.7,1.0,CaCl2,3200,5.0,-22.1,-26.0,1.35e-07,0.0006,None,0.0,None,1e-20,298.15,15.4,0.000225,0.000348614032493,1.65007414293e-07,27688.0008421,0.40488362522,2.69522974917e-09,50.0884943265,4.14124743596,37.9790961239,37.3760096599,0.986937590711,7.69230769231
Transport of ARS-labeled hydroxyapatite nanoparticles in saturated granular media is influenced by surface charge variability even in the presence of humic acid ,HAP,0.2,0.026,0.39,7.5e-05,10.0,4.0,7.2,0.1,NaCl,3160,5.0,-58.7,-63.2,2.5e-07,0.0006,None,10.0,HA,2.94e-21,298.15,15.4,0.000416666666667,6.65479868715e-05,1.23709262343e-06,23027.2794761,0.119035785815,4.26153241241e-09,58.6643432,4.3068973334,40.4214627979,442.244149635,0.997278200198,7.69230769231
Transport of ARS-labeled hydroxyapatite nanoparticles in saturated granular media is influenced by surface charge variability even in the presence of humic acid ,HAP,0.2,0.026,0.39,7.5e-05,10.0,4.0,7.2,1.0,NaCl,3160,5.0,-48.5,-60.3,2.92e-07,0.0006,None,10.0,HA,2.94e-21,298.15,15.4,0.000486666666667,4.87808357509e-05,1.68767144711e-06,26895.8624281,0.119035785815,4.26153241241e-09,68.5199528577,4.3068973334,40.4214627979,415.759843256,0.976748147233,7.69230769231
Transport of ARS-labeled hydroxyapatite nanoparticles in saturated granular media is influenced by surface charge variability even in the presence of humic acid ,HAP,0.2,0.026,0.39,7.5e-05,10.0,4.0,7.2,10.0,NaCl,3160,5.0,-38.5,-37.1,4.18e-07,0.0006,None,10.0,HA,2.94e-21,298.15,15.4,0.000696666666667,2.38046815519e-05,3.45839634458e-06,38501.6112841,0.119035785815,4.26153241241e-09,98.0867818305,4.3068973334,40.4214627979,284.113601183,0.999314364073,7.69230769231
Transport of ARS-labeled hydroxyapatite nanoparticles in saturated granular media is influenced by surface charge variability even in the presence of humic acid ,HAP,0.2,0.026,0.39,7.5e-05,10.0,4.0,7.2,50.0,NaCl,3160,5.0,-27.7,-21.4,6.38e-07,0.0006,None,10.0,HA,2.94e-21,298.15,15.4,0.00106333333333,1.0218180785e-05,8.05681807698e-06,58765.6172231,0.119035785815,4.26153241241e-09,149.711403847,4.3068973334,40.4214627979,185.86543319,0.967606610896,7.69230769231
Transport of Biochar Particles in Saturated Granular Media: Effects of Pyrolysis Temperature and Particle Size,Biochar,0.2,0.026,0.39,8e-05,200.0,3.0,6.8,0.1,NaHCO3,1760,2.75,-36.6,-68.1,1.26e-07,0.00055,None,0.0,None,6.19e-20,298.15,2.9,0.000229090909091,0.005171165584,1.03655990917e-07,11347.8433258,2.50622964011,1.84928750155e-09,68.1343489829,3.23017300005,40.4214627979,179.068580725,0.833993344676,7.69230769231
Transport of Biochar Particles in Saturated Granular Media: Effects of Pyrolysis Temperature and Particle Size,Biochar,0.2,0.026,0.39,8e-05,200.0,3.0,6.7,0.1,NaHCO3,1760,2.75,-32.9,-66.4,1.06e-07,0.00055,None,0.0,None,6.19e-20,298.15,2.9,0.000192727272727,0.00730664158166,7.33609671167e-08,9546.59835348,2.50622964011,1.84928750155e-09,57.3193729538,3.23017300005,40.4214627979,138.401185567,0.795633876428,7.69230769231
Transport of Biochar Particles in Saturated Granular Media: Effects of Pyrolysis Temperature and Particle Size,Biochar,0.2,0.026,0.39,8e-05,200.0,3.0,6.7,0.1,NaHCO3,1760,2.75,-34.0,-66.4,1.05e-07,0.00055,None,0.0,None,6.19e-20,298.15,2.9,0.000190909090909,0.00744647844096,7.19833270258e-08,9456.53610486,2.50622964011,1.84928750155e-09,56.7786241524,3.23017300005,40.4214627979,138.932734749,0.811362525517,7.69230769231
Transport of Biochar Particles in Saturated Granular Media: Effects of Pyrolysis Temperature and Particle Size,Biochar,0.2,0.026,0.39,8e-05,200.0,3.0,6.8,0.1,NaHCO3,1760,2.75,-28.9,-68.1,9.8e-08,0.00055,None,0.0,None,6.19e-20,298.15,2.9,0.000178181818182,0.00854825331233,6.27054759869e-08,8826.10036454,2.50622964011,1.84928750155e-09,52.9933825422,3.23017300005,40.4214627979,127.52357479,0.719223361996,7.69230769231
Antagonistic Effects of Humic Acid and Iron Oxyhydroxide Grain-Coating on Biochar Nanoparticle Transport in Saturated Sand,Biochar,0.2,0.026,0.4,1.53e-05,300.0,3.0,6.9,0.1,NaCl,1760,2.75,-36.6,-68.8,1.26e-07,0.0006,None,0.0,None,5.94e-21,298.15,2.9,0.00021,0.00259467397924,5.41992109371e-07,2367.57276662,0.240500873381,1.84928750155e-09,68.1343489829,3.31299794877,37.9790961239,181.939528362,0.829270541742,7.69230769231
Antagonistic Effects of Humic Acid and Iron Oxyhydroxide Grain-Coating on Biochar Nanoparticle Transport in Saturated Sand,Biochar,0.2,0.026,0.4,1.53e-05,300.0,3.0,6.9,0.1,NaCl,1760,2.75,-43.4,-69.6,1.26e-07,0.0006,None,1.0,HA,2.94e-21,298.15,2.9,0.00021,0.00128423257558,5.41992109371e-07,2367.57276662,0.119035785815,1.84928750155e-09,68.1343489829,3.31299794877,37.9790961239,201.554125433,0.897968405344,7.69230769231
Antagonistic Effects of Humic Acid and Iron Oxyhydroxide Grain-Coating on Biochar Nanoparticle Transport in Saturated Sand,Biochar,0.2,0.026,0.41,1.57e-05,300.0,3.0,6.9,0.1,NaCl,1760,2.75,-45.9,-69.4,1.26e-07,0.0006,None,5.0,HA,2.94e-21,298.15,2.9,0.00021,0.00125151327429,5.28183393208e-07,2429.47009385,0.119035785815,1.84928750155e-09,68.1343489829,3.39582289749,35.7243876835,207.409564395,0.920231627997,7.69230769231
Antagonistic Effects of Humic Acid and Iron Oxyhydroxide Grain-Coating on Biochar Nanoparticle Transport in Saturated Sand,Biochar,0.2,0.026,0.42,1.61e-05,300.0,3.0,6.9,0.1,NaCl,1760,2.75,-46.8,-69.2,1.26e-07,0.0006,None,10.0,HA,2.94e-21,298.15,2.9,0.00021,0.0012204197768,5.15060824433e-07,2491.36742108,0.119035785815,1.84928750155e-09,68.1343489829,3.47864784621,33.6391419474,209.078566721,0.928103076711,7.69230769231
Antagonistic Effects of Humic Acid and Iron Oxyhydroxide Grain-Coating on Biochar Nanoparticle Transport in Saturated Sand,Biochar,0.2,0.026,0.4,1.53e-05,300.0,3.0,6.9,0.1,NaCl,1760,2.75,-36.6,-48.2,1.26e-07,0.0006,IronOxide,0.0,None,1.07e-20,298.15,2.9,0.00021,0.00467390767304,5.41992109371e-07,2367.57276662,0.433225478985,1.84928750155e-09,68.1343489829,3.31299794877,37.9790961239,109.732933391,0.963263077427,7.69230769231
Antagonistic Effects of Humic Acid and Iron Oxyhydroxide Grain-Coating on Biochar Nanoparticle Transport in Saturated Sand,Biochar,0.2,0.026,0.4,1.53e-05,300.0,3.0,6.9,0.1,NaCl,1760,2.75,-36.6,-37.7,1.26e-07,0.0006,IronOxide,0.0,None,1.07e-20,298.15,2.9,0.00021,0.00467390767304,5.41992109371e-07,2367.57276662,0.433225478985,1.84928750155e-09,68.1343489829,3.31299794877,37.9790961239,82.7116329457,0.999561729178,7.69230769231
Antagonistic Effects of Humic Acid and Iron Oxyhydroxide Grain-Coating on Biochar Nanoparticle Transport in Saturated Sand,Biochar,0.2,0.026,0.38,1.52e-05,300.0,3.0,6.9,0.1,NaCl,1760,2.75,-36.6,-25.4,1.26e-07,0.0006,IronOxide,0.0,None,1.07e-20,298.15,2.9,0.00021,0.00470465706562,5.45557846932e-07,2352.09843481,0.433225478985,1.84928750155e-09,68.1343489829,3.14734805133,43.072155102,59.4597432458,0.936797130074,7.69230769231
Antagonistic Effects of Humic Acid and Iron Oxyhydroxide Grain-Coating on Biochar Nanoparticle Transport in Saturated Sand,Biochar,0.2,0.026,0.42,1.61e-05,300.0,3.0,6.9,0.1,NaCl,1760,2.75,-43.4,-39.2,1.26e-07,0.0006,IronOxide,1.0,HA,5.29e-21,298.15,2.9,0.00021,0.0021959253807,5.15060824433e-07,2491.36742108,0.214183437741,1.84928750155e-09,68.1343489829,3.47864784621,33.6391419474,102.464939059,0.994842406877,7.69230769231
Antagonistic Effects of Humic Acid and Iron Oxyhydroxide Grain-Coating on Biochar Nanoparticle Transport in Saturated Sand,Biochar,0.2,0.026,0.42,1.54e-05,300.0,3.0,6.9,0.1,NaCl,1760,2.75,-45.9,-43.9,1.26e-07,0.0006,IronOxide,5.0,HA,5.29e-21,298.15,2.9,0.00021,0.00229574017073,5.38472680089e-07,2383.04709843,0.214183437741,1.84928750155e-09,68.1343489829,3.47864784621,33.6391419474,120.854222988,0.999008433275,7.69230769231
Antagonistic Effects of Humic Acid and Iron Oxyhydroxide Grain-Coating on Biochar Nanoparticle Transport in Saturated Sand,Biochar,0.2,0.026,0.42,1.54e-05,300.0,3.0,6.9,0.1,NaCl,1760,2.75,-46.8,-45.1,1.26e-07,0.0006,IronOxide,10.0,HA,5.29e-21,298.15,2.9,0.00021,0.00229574017073,5.38472680089e-07,2383.04709843,0.214183437741,1.84928750155e-09,68.1343489829,3.47864784621,33.6391419474,126.553277241,0.999315854885,7.69230769231
Antagonistic Effects of Humic Acid and Iron Oxyhydroxide Grain-Coating on Biochar Nanoparticle Transport in Saturated Sand,Biochar,0.2,0.026,0.39,1.5e-05,300.0,3.0,6.9,0.1,NaCl,1760,2.75,-32.9,-68.8,1.06e-07,0.0006,None,0.0,None,5.94e-21,298.15,2.9,0.000176666666667,0.00373948958493,3.91258491289e-07,1952.71329958,0.240500873381,1.84928750155e-09,57.3193729538,3.23017300005,40.4214627979,146.579184262,0.778396966909,7.69230769231
Antagonistic Effects of Humic Acid and Iron Oxyhydroxide Grain-Coating on Biochar Nanoparticle Transport in Saturated Sand,Biochar,0.2,0.026,0.38,1.46e-05,300.0,3.0,6.9,0.1,NaCl,1760,2.75,-37.9,-69.6,1.06e-07,0.0006,None,1.0,HA,2.94e-21,298.15,2.9,0.000176666666667,0.00190156693298,4.01977902009e-07,1900.64094492,0.119035785815,1.84928750155e-09,57.3193729538,3.14734805133,43.072155102,158.291707541,0.840000191065,7.69230769231
Antagonistic Effects of Humic Acid and Iron Oxyhydroxide Grain-Coating on Biochar Nanoparticle Transport in Saturated Sand,Biochar,0.2,0.026,0.4,1.53e-05,300.0,3.0,6.9,0.1,NaCl,1760,2.75,-38.7,-69.4,1.06e-07,0.0006,None,5.0,HA,2.94e-21,298.15,2.9,0.000176666666667,0.00181456713866,3.83586756166e-07,1991.76756557,0.119035785815,1.84928750155e-09,57.3193729538,3.31299794877,37.9790961239,159.135517317,0.85073130558,7.69230769231
Antagonistic Effects of Humic Acid and Iron Oxyhydroxide Grain-Coating on Biochar Nanoparticle Transport in Saturated Sand,Biochar,0.2,0.026,0.39,1.5e-05,300.0,3.0,7.0,0.1,NaCl,1760,2.75,-39.3,-69.2,1.06e-07,0.0006,None,10.0,HA,2.94e-21,298.15,2.9,0.000176666666667,0.00185085848143,3.91258491289e-07,1952.71329958,0.119035785815,1.84928750155e-09,57.3193729538,3.23017300005,40.4214627979,159.616398158,0.858835994208,7.69230769231
Antagonistic Effects of Humic Acid and Iron Oxyhydroxide Grain-Coating on Biochar Nanoparticle Transport in Saturated Sand,Biochar,0.2,0.026,0.4,1.6e-05,300.0,3.0,6.9,0.1,NaCl,1760,2.75,-32.9,-25.4,1.06e-07,0.0006,IronOxide,0.0,None,1.07e-20,298.15,2.9,0.000176666666667,0.00631511025233,3.66804835584e-07,2082.89418621,0.433225478985,1.84928750155e-09,57.3193729538,3.31299794877,37.9790961239,43.540634878,0.967439814306,7.69230769231
Antagonistic Effects of Humic Acid and Iron Oxyhydroxide Grain-Coating on Biochar Nanoparticle Transport in Saturated Sand,Biochar,0.2,0.026,0.41,1.64e-05,300.0,3.0,6.9,0.1,NaCl,1760,2.75,-32.9,-37.7,1.06e-07,0.0006,IronOxide,0.0,None,1.07e-20,298.15,2.9,0.000176666666667,0.006161083173,3.57858376179e-07,2134.96654087,0.433225478985,1.84928750155e-09,57.3193729538,3.39582289749,35.7243876835,63.1017484351,0.990797619523,7.69230769231
Antagonistic Effects of Humic Acid and Iron Oxyhydroxide Grain-Coating on Biochar Nanoparticle Transport in Saturated Sand,Biochar,0.2,0.026,0.4,1.6e-05,300.0,3.0,6.9,0.1,NaCl,1760,2.75,-32.9,-48.2,1.06e-07,0.0006,IronOxide,0.0,None,1.07e-20,298.15,2.9,0.000176666666667,0.00631511025233,3.66804835584e-07,2082.89418621,0.433225478985,1.84928750155e-09,57.3193729538,3.31299794877,37.9790961239,85.833953572,0.931264222689,7.69230769231
Antagonistic Effects of Humic Acid and Iron Oxyhydroxide Grain-Coating on Biochar Nanoparticle Transport in Saturated Sand,Biochar,0.2,0.026,0.4,1.53e-05,300.0,3.0,6.9,0.1,NaCl,1760,2.75,-37.9,-39.2,1.06e-07,0.0006,IronOxide,1.0,HA,5.29e-21,298.15,2.9,0.000176666666667,0.00326498645017,3.83586756166e-07,1991.76756557,0.214183437741,1.84928750155e-09,57.3193729538,3.31299794877,37.9790961239,74.9309634481,0.999431560182,7.69230769231
Antagonistic Effects of Humic Acid and Iron Oxyhydroxide Grain-Coating on Biochar Nanoparticle Transport in Saturated Sand,Biochar,0.2,0.026,0.41,1.57e-05,300.0,3.0,6.9,0.1,NaCl,1760,2.75,-38.7,-43.9,1.06e-07,0.0006,IronOxide,5.0,HA,5.29e-21,298.15,2.9,0.000176666666667,0.00318180208201,3.73813845181e-07,2043.83992022,0.214183437741,1.84928750155e-09,57.3193729538,3.39582289749,35.7243876835,86.3191189901,0.992104878975,7.69230769231
Antagonistic Effects of Humic Acid and Iron Oxyhydroxide Grain-Coating on Biochar Nanoparticle Transport in Saturated Sand,Biochar,0.2,0.026,0.41,1.57e-05,300.0,3.0,6.9,0.1,NaCl,1760,2.75,-39.3,-45.1,1.06e-07,0.0006,IronOxide,10.0,HA,5.29e-21,298.15,2.9,0.000176666666667,0.00318180208201,3.73813845181e-07,2043.83992022,0.214183437741,1.84928750155e-09,57.3193729538,3.39582289749,35.7243876835,90.1903609758,0.990599413162,7.69230769231
Transport of bare and capped zinc oxide nanoparticles is dependent on porous medium composition ,ZnO,0.12,0.01,0.35,1e-05,12.5,3.0,8.0,5.0,NaCl,5610,9.5,1.45,-33.2,5e-08,0.000235,None,0.0,None,1e-20,298.15,2.0,0.000212765957447,0.0424413181578,7.92082915835e-07,240.507141195,0.40488362522,1.53574967953e-09,32.5573891802,0.0989601685881,52.5271674817,13.1288603473,-0.087183097635,12.0
Transport of bare and capped zinc oxide nanoparticles is dependent on porous medium composition ,ZnO,0.12,0.01,0.4,1e-05,12.5,3.0,8.0,5.0,NaCl,5610,9.5,1.45,-35.17,5e-08,0.0005,None,0.0,None,1.7e-20,298.15,2.0,0.0001,0.0721502408683,7.92082915835e-07,511.717321692,0.688302162874,1.53574967953e-09,32.5573891802,0.113097335529,37.9790961239,14.7300952526,-0.0823167193342,12.0
Transport of bare and capped zinc oxide nanoparticles is dependent on porous medium composition ,ZnO,0.12,0.01,0.35,1e-05,12.5,3.0,8.0,5.0,NaCl,5610,9.5,1.45,-53.94,5e-08,0.000235,None,0.0,None,6.95e-21,298.15,2.0,0.000212765957447,0.0294967161197,7.92082915835e-07,240.507141195,0.281394119528,1.53574967953e-09,32.5573891802,0.0989601685881,52.5271674817,34.6145624663,-0.0537246180064,12.0
Transport of bare and capped zinc oxide nanoparticles is dependent on porous medium composition ,ZnO,0.12,0.01,0.35,1e-05,12.5,3.0,8.0,5.0,NaCl,5610,9.5,21.0,-33.2,7.2e-08,0.000235,None,0.0,None,1e-20,298.15,2.0,0.000306382978723,0.0204674566733,1.64246313427e-06,346.330283321,0.40488362522,1.53574967953e-09,46.8826404195,0.0989601685881,52.5271674817,26.4191722378,-0.903553562634,12.0
Transport of bare and capped zinc oxide nanoparticles is dependent on porous medium composition ,ZnO,0.12,0.01,0.4,1e-05,12.5,3.0,8.0,5.0,NaCl,5610,9.5,21.0,-35.17,7.2e-08,0.0005,None,0.0,None,1.7e-20,298.15,2.0,0.000144,0.0347946763447,1.64246313427e-06,736.872943236,0.688302162874,1.53574967953e-09,46.8826404195,0.113097335529,37.9790961239,28.7249505014,-0.880335275231,12.0
Transport of bare and capped zinc oxide nanoparticles is dependent on porous medium composition ,ZnO,0.12,0.01,0.35,1e-05,12.5,3.0,8.0,5.0,NaCl,5610,9.5,21.0,-53.94,7.2e-08,0.000235,None,0.0,None,6.95e-21,298.15,2.0,0.000306382978723,0.014224882388,1.64246313427e-06,346.330283321,0.281394119528,1.53574967953e-09,46.8826404195,0.0989601685881,52.5271674817,57.3585832891,-0.676157004237,12.0
Initial transport and retention behaviors of ZnO nanoparticles in quartz sand porous media coated with Escherichia coli biofilm ,ZnO,0.2,0.04,0.42,9.25928e-05,5.0,3.0,8.0,0.1,NaCl,5610,9.5,-38.6,-76.9,3.171e-07,0.00051,None,0.0,None,6.96e-21,298.15,2.0,0.000621764705882,7.93173892399e-05,3.44069284467e-06,30650.2305013,0.281799003153,1.53574967953e-09,206.478962181,12.6669015793,33.6391419474,558.201073423,0.801867207307,5.0
Initial transport and retention behaviors of ZnO nanoparticles in quartz sand porous media coated with Escherichia coli biofilm ,ZnO,0.2,0.04,0.42,9.25928e-05,5.0,3.0,8.0,0.5,NaCl,5610,9.5,-36.7,-75.2,3.256e-07,0.00051,None,0.0,None,6.96e-21,298.15,2.0,0.000638431372549,7.52301802586e-05,3.62762355052e-06,31471.8229304,0.281799003153,1.53574967953e-09,212.013718342,12.6669015793,33.6391419474,542.070033245,0.788308366408,5.0
Initial transport and retention behaviors of ZnO nanoparticles in quartz sand porous media coated with Escherichia coli biofilm ,ZnO,0.2,0.04,0.42,9.25928e-05,5.0,3.0,8.0,1.0,NaCl,5610,9.5,-35.2,-72.3,3.871e-07,0.00051,None,0.0,None,6.96e-21,298.15,2.0,0.000759019607843,5.32248629979e-05,5.12743026932e-06,37416.2857996,0.281799003153,1.53574967953e-09,252.059307033,12.6669015793,33.6391419474,595.160738635,0.787142011002,5.0
Initial transport and retention behaviors of ZnO nanoparticles in quartz sand porous media coated with Escherichia coli biofilm ,ZnO,0.2,0.04,0.42,9.25928e-05,5.0,3.0,8.0,5.0,NaCl,5610,9.5,-22.3,-67.6,4.832e-07,0.00051,None,0.0,None,6.96e-21,298.15,2.0,0.000947450980392,3.41591490769e-05,7.98927318128e-06,46705.1131448,0.281799003153,1.53574967953e-09,314.634609038,12.6669015793,33.6391419474,582.150605791,0.595012877315,5.0
Initial transport and retention behaviors of ZnO nanoparticles in quartz sand porous media coated with Escherichia coli biofilm ,ZnO,0.2,0.04,0.42,9.25928e-05,5.0,3.0,8.0,0.5,CaCl2,5610,9.5,-25.0,-54.8,3.483e-07,0.00051,None,0.0,None,6.96e-21,298.15,2.0,0.000682941176471,6.57436702973e-05,4.15107298362e-06,33665.9580057,0.281799003153,1.2539343625e-09,277.765735126,12.6669015793,33.6391419474,300.454545962,0.755228718537,5.0
Initial transport and retention behaviors of ZnO nanoparticles in quartz sand porous media coated with Escherichia coli biofilm ,ZnO,0.2,0.04,0.42,9.25928e-05,5.0,3.0,8.0,0.1,CaCl2,5610,9.5,-17.9,-50.2,4.242e-07,0.00051,None,0.0,None,6.96e-21,298.15,2.0,0.000831764705882,4.43220221561e-05,6.15736287154e-06,41002.2951077,0.281799003153,1.48165709678e-09,286.301061779,12.6669015793,33.6391419474,286.491044882,0.632702564734,5.0
Initial transport and retention behaviors of ZnO nanoparticles in quartz sand porous media coated with Escherichia coli biofilm ,ZnO,0.2,0.04,0.42,9.25928e-05,5.0,3.0,8.0,0.3,CaCl2,5610,9.5,-13.9,-47.0,4.367e-07,0.00051,None,0.0,None,6.96e-21,298.15,2.0,0.000856274509804,4.18210094191e-05,6.52559030512e-06,42210.5192681,0.281799003153,1.36931881743e-09,318.917694288,12.6669015793,33.6391419474,249.429261444,0.543915810858,5.0
Initial transport and retention behaviors of ZnO nanoparticles in quartz sand porous media coated with Escherichia coli biofilm ,ZnO,0.2,0.04,0.42,9.25928e-05,5.0,3.0,8.0,0.5,CaCl2,5610,9.5,-10.9,-40.7,4.572e-07,0.00051,None,0.0,None,6.96e-21,298.15,2.0,0.000896470588235,3.81547358669e-05,7.15263170914e-06,44192.0068912,0.281799003153,1.2539343625e-09,364.612386161,12.6669015793,33.6391419474,192.988403364,0.499780318819,5.0
Initial transport and retention behaviors of ZnO nanoparticles in quartz sand porous media coated with Escherichia coli biofilm ,ZnO,0.2,0.04,0.42,4.62964e-05,5.0,3.0,8.0,0.1,NaCl,5610,9.5,-38.6,-76.9,3.171e-07,0.00051,None,0.0,None,6.96e-21,298.15,2.0,0.000621764705882,0.00015863477848,6.88138568934e-06,15325.1152506,0.281799003153,1.53574967953e-09,206.478962181,12.6669015793,33.6391419474,558.201073423,0.801867207307,5.0
Initial transport and retention behaviors of ZnO nanoparticles in quartz sand porous media coated with Escherichia coli biofilm ,ZnO,0.2,0.04,0.42,4.62964e-05,5.0,3.0,8.0,0.5,NaCl,5610,9.5,-36.7,-75.2,3.256e-07,0.00051,None,0.0,None,6.96e-21,298.15,2.0,0.000638431372549,0.000150460360517,7.25524710103e-06,15735.9114652,0.281799003153,1.53574967953e-09,212.013718342,12.6669015793,33.6391419474,542.070033245,0.788308366408,5.0
Initial transport and retention behaviors of ZnO nanoparticles in quartz sand porous media coated with Escherichia coli biofilm ,ZnO,0.2,0.04,0.42,4.62964e-05,5.0,3.0,8.0,1.0,NaCl,5610,9.5,-35.2,-72.3,3.871e-07,0.00051,None,0.0,None,6.96e-21,298.15,2.0,0.000759019607843,0.000106449725996,1.02548605386e-05,18708.1428998,0.281799003153,1.53574967953e-09,252.059307033,12.6669015793,33.6391419474,595.160738635,0.787142011002,5.0
Initial transport and retention behaviors of ZnO nanoparticles in quartz sand porous media coated with Escherichia coli biofilm ,ZnO,0.2,0.04,0.42,4.62964e-05,5.0,3.0,8.0,5.0,NaCl,5610,9.5,-22.3,-67.6,4.832e-07,0.00051,None,0.0,None,6.96e-21,298.15,2.0,0.000947450980392,6.83182981539e-05,1.59785463626e-05,23352.5565724,0.281799003153,1.53574967953e-09,314.634609038,12.6669015793,33.6391419474,582.150605791,0.595012877315,5.0
Initial transport and retention behaviors of ZnO nanoparticles in quartz sand porous media coated with Escherichia coli biofilm ,ZnO,0.2,0.04,0.42,4.62964e-05,5.0,3.0,8.0,0.5,CaCl2,5610,9.5,-25.0,-54.8,3.483e-07,0.00051,None,0.0,None,6.96e-21,298.15,2.0,0.000682941176471,0.000131487340595,8.30214596725e-06,16832.9790028,0.281799003153,1.2539343625e-09,277.765735126,12.6669015793,33.6391419474,300.454545962,0.755228718537,5.0
Initial transport and retention behaviors of ZnO nanoparticles in quartz sand porous media coated with Escherichia coli biofilm ,ZnO,0.2,0.04,0.42,4.62964e-05,5.0,3.0,8.0,0.1,CaCl2,5610,9.5,-17.9,-50.2,4.242e-07,0.00051,None,0.0,None,6.96e-21,298.15,2.0,0.000831764705882,8.86440443123e-05,1.23147257431e-05,20501.1475538,0.281799003153,1.48165709678e-09,286.301061779,12.6669015793,33.6391419474,286.491044882,0.632702564734,5.0
Initial transport and retention behaviors of ZnO nanoparticles in quartz sand porous media coated with Escherichia coli biofilm ,ZnO,0.2,0.04,0.42,4.62964e-05,5.0,3.0,8.0,0.3,CaCl2,5610,9.5,-13.9,-47.0,4.367e-07,0.00051,None,0.0,None,6.96e-21,298.15,2.0,0.000856274509804,8.36420188382e-05,1.30511806102e-05,21105.2596341,0.281799003153,1.36931881743e-09,318.917694288,12.6669015793,33.6391419474,249.429261444,0.543915810858,5.0
Initial transport and retention behaviors of ZnO nanoparticles in quartz sand porous media coated with Escherichia coli biofilm ,ZnO,0.2,0.04,0.42,4.62964e-05,5.0,3.0,8.0,0.5,CaCl2,5610,9.5,-10.9,-40.7,4.572e-07,0.00051,None,0.0,None,6.96e-21,298.15,2.0,0.000896470588235,7.63094717339e-05,1.43052634183e-05,22096.0034456,0.281799003153,1.2539343625e-09,364.612386161,12.6669015793,33.6391419474,192.988403364,0.499780318819,5.0
Humic Acid Facilitates the Transport of ARS-Labeled Hydroxyapatite Nanoparticles in Iron Oxyhydroxide-Coated Sand,HAP,0.2,0.026,0.385,7.5e-05,100.0,4.0,7.2,0.1,NaCl,3160,8.4,-61.0,-26.0,3.43e-07,0.0006,None,0.0,None,5.54e-21,298.15,15.4,0.000571666666667,6.6617623211e-05,2.32868336086e-06,31593.4274413,0.224305528372,4.26153241241e-09,80.4874788705,4.25168070092,41.7193692464,358.594664949,0.721400955197,7.69230769231
Humic Acid Facilitates the Transport of ARS-Labeled Hydroxyapatite Nanoparticles in Iron Oxyhydroxide-Coated Sand,HAP,0.2,0.026,0.385,7.5e-05,100.0,4.0,7.2,0.1,NaCl,3160,8.4,-62.1,-50.4,3.06e-07,0.0006,None,1.0,HA,2.94e-21,298.15,15.4,0.00051,4.44193384966e-05,1.8533824782e-06,28185.3900788,0.119035785815,4.26153241241e-09,71.8051560769,4.25168070092,41.7193692464,465.395116368,0.978599468152,7.69230769231
Humic Acid Facilitates the Transport of ARS-Labeled Hydroxyapatite Nanoparticles in Iron Oxyhydroxide-Coated Sand,HAP,0.2,0.026,0.385,7.5e-05,100.0,4.0,7.2,0.1,NaCl,3160,8.4,-62.8,-56.0,3.01e-07,0.0006,None,5.0,HA,2.94e-21,298.15,15.4,0.000501666666667,4.59073208846e-05,1.79330926041e-06,27724.8444893,0.119035785815,4.26153241241e-09,70.6318692129,4.25168070092,41.7193692464,506.690984418,0.993468778955,7.69230769231
Humic Acid Facilitates the Transport of ARS-Labeled Hydroxyapatite Nanoparticles in Iron Oxyhydroxide-Coated Sand,HAP,0.2,0.026,0.385,7.5e-05,100.0,4.0,7.2,0.1,NaCl,3160,8.4,-63.2,-58.7,2.75e-07,0.0006,None,10.0,HA,2.94e-21,298.15,15.4,0.000458333333333,5.49983362574e-05,1.49688207435e-06,25330.0074237,0.119035785815,4.26153241241e-09,64.5307775201,4.25168070092,41.7193692464,486.468564599,0.997278200198,7.69230769231
Humic Acid Facilitates the Transport of ARS-Labeled Hydroxyapatite Nanoparticles in Iron Oxyhydroxide-Coated Sand,HAP,0.2,0.026,0.385,7.5e-05,100.0,4.0,7.2,0.1,NaCl,3160,8.4,-58.2,-58.7,2.75e-07,0.0006,FeOOH,10.0,HA,3.6e-20,298.15,15.4,0.000458333333333,0.000673449015397,1.49688207435e-06,25330.0074237,1.45758105079,4.26153241241e-09,64.5307775201,4.25168070092,41.7193692464,446.779156404,0.999963412475,7.69230769231
Humic Acid Facilitates the Transport of ARS-Labeled Hydroxyapatite Nanoparticles in Iron Oxyhydroxide-Coated Sand,HAP,0.2,0.026,0.385,7.5e-05,100.0,4.0,7.2,0.1,NaCl,3160,8.4,-51.1,-58.7,2.75e-07,0.0006,FeOOH,10.0,HA,3.6e-20,298.15,15.4,0.000458333333333,0.000673449015397,1.49688207435e-06,25330.0074237,1.45758105079,4.26153241241e-09,64.5307775201,4.25168070092,41.7193692464,396.037523057,0.990463768594,7.69230769231
Humic Acid Facilitates the Transport of ARS-Labeled Hydroxyapatite Nanoparticles in Iron Oxyhydroxide-Coated Sand,HAP,0.2,0.026,0.385,7.5e-05,100.0,4.0,7.2,0.1,NaCl,3160,8.4,-42.0,-58.7,2.75e-07,0.0006,FeOOH,10.0,HA,3.6e-20,298.15,15.4,0.000458333333333,0.000673449015397,1.49688207435e-06,25330.0074237,1.45758105079,4.26153241241e-09,64.5307775201,4.25168070092,41.7193692464,340.641701777,0.946467064259,7.69230769231
Humic Acid Facilitates the Transport of ARS-Labeled Hydroxyapatite Nanoparticles in Iron Oxyhydroxide-Coated Sand,HAP,0.2,0.026,0.385,7.5e-05,100.0,4.0,7.2,0.1,NaCl,3160,8.4,-34.5,-58.7,2.75e-07,0.0006,FeOOH,10.0,HA,3.6e-20,298.15,15.4,0.000458333333333,0.000673449015397,1.49688207435e-06,25330.0074237,1.45758105079,4.26153241241e-09,64.5307775201,4.25168070092,41.7193692464,303.126383899,0.873673947463,7.69230769231
Humic Acid Facilitates the Transport of ARS-Labeled Hydroxyapatite Nanoparticles in Iron Oxyhydroxide-Coated Sand,HAP,0.2,0.026,0.385,7.5e-05,100.0,4.0,7.2,0.1,NaCl,3160,8.4,-26.1,-58.7,2.75e-07,0.0006,FeOOH,10.0,HA,3.6e-20,298.15,15.4,0.000458333333333,0.000673449015397,1.49688207435e-06,25330.0074237,1.45758105079,4.26153241241e-09,64.5307775201,4.25168070092,41.7193692464,269.842205403,0.742479827473,7.69230769231
Humic Acid Facilitates the Transport of ARS-Labeled Hydroxyapatite Nanoparticles in Iron Oxyhydroxide-Coated Sand,HAP,0.2,0.026,0.385,7.5e-05,100.0,4.0,7.2,0.1,NaCl,3160,8.4,-5.4,-58.7,2.75e-07,0.0006,FeOOH,10.0,HA,3.6e-20,298.15,15.4,0.000458333333333,0.000673449015397,1.49688207435e-06,25330.0074237,1.45758105079,4.26153241241e-09,64.5307775201,4.25168070092,41.7193692464,227.207150026,0.182442407586,7.69230769231
Humic Acid Facilitates the Transport of ARS-Labeled Hydroxyapatite Nanoparticles in Iron Oxyhydroxide-Coated Sand,HAP,0.2,0.026,0.385,7.5e-05,100.0,4.0,6.0,0.1,NaCl,3160,8.4,-43.6,-37.8,2.75e-07,0.0006,FeOOH,10.0,HA,3.6e-20,298.15,15.4,0.000458333333333,0.000673449015397,1.49688207435e-06,25330.0074237,1.45758105079,4.26153241241e-09,64.5307775201,4.25168070092,41.7193692464,217.72288535,0.989897291129,7.69230769231
Humic Acid Facilitates the Transport of ARS-Labeled Hydroxyapatite Nanoparticles in Iron Oxyhydroxide-Coated Sand,HAP,0.2,0.026,0.385,7.5e-05,100.0,4.0,8.0,0.1,NaCl,3160,8.4,-56.4,-61.2,2.75e-07,0.0006,FeOOH,10.0,HA,3.6e-20,298.15,15.4,0.000458333333333,0.000673449015397,1.49688207435e-06,25330.0074237,1.45758105079,4.26153241241e-09,64.5307775201,4.25168070092,41.7193692464,452.890802176,0.996673596674,7.69230769231
Humic Acid Facilitates the Transport of ARS-Labeled Hydroxyapatite Nanoparticles in Iron Oxyhydroxide-Coated Sand,HAP,0.2,0.026,0.385,7.5e-05,100.0,4.0,10.5,0.1,NaCl,3160,8.4,-70.0,-72.0,2.75e-07,0.0006,FeOOH,10.0,HA,3.6e-20,298.15,15.4,0.000458333333333,0.000673449015397,1.49688207435e-06,25330.0074237,1.45758105079,4.26153241241e-09,64.5307775201,4.25168070092,41.7193692464,659.3541882,0.999603332011,7.69230769231
A multi-constituent site blocking model for nanoparticle and stabilizing agent transport in porous media ,QD,0.1,0.025,0.37,9.25928e-06,50.0,3.5,7.0,3.0,NaCl,4820,1.5,-45.8,-69.2,3.08e-08,0.000354,None,0.0,None,7.2e-21,298.15,10.0,8.70056497175e-05,0.0869726531519,2.68978328698e-07,206.643288875,0.291516210158,3.43404067986e-09,8.96902595843,1.58920409625,45.9547236374,50.4299609898,0.920485370911,4.0
A multi-constituent site blocking model for nanoparticle and stabilizing agent transport in porous media ,QD,0.1,0.025,0.38,9.25928e-06,50.0,3.5,7.0,3.0,NaCl,4820,1.5,-45.8,-69.2,3.08e-08,0.000163,None,0.0,None,7.2e-21,298.15,10.0,0.000188957055215,0.0869726531519,2.68978328698e-07,95.1493109792,0.291516210158,3.43404067986e-09,8.96902595843,1.63215555831,43.072155102,50.4299609898,0.920485370911,4.0
A multi-constituent site blocking model for nanoparticle and stabilizing agent transport in porous media ,QD,0.1,0.025,0.37,8.912057e-05,50.0,3.5,7.0,3.0,NaCl,4820,1.5,-45.8,-69.2,3.08e-08,0.000354,None,0.0,None,7.2e-21,298.15,10.0,8.70056497175e-05,0.00903611980799,2.79458003842e-08,1988.94165542,0.291516210158,3.43404067986e-09,8.96902595843,1.58920409625,45.9547236374,50.4299609898,0.920485370911,4.0
A multi-constituent site blocking model for nanoparticle and stabilizing agent transport in porous media ,QD,0.1,0.025,0.39,8.449093e-05,50.0,3.5,7.0,3.0,NaCl,4820,1.5,-45.8,-69.2,3.08e-08,0.000163,None,0.0,None,7.2e-21,298.15,10.0,0.000188957055215,0.00953124966048,2.94770771176e-08,868.237462685,0.291516210158,3.43404067986e-09,8.96902595843,1.67510702037,40.4214627979,50.4299609898,0.920485370911,4.0
A multi-constituent site blocking model for nanoparticle and stabilizing agent transport in porous media ,QD,0.1,0.025,0.39,8.449093e-05,50.0,3.5,7.0,3.0,NaCl,4820,1.5,-45.8,-69.2,3.08e-08,0.000125,None,0.0,None,7.2e-21,298.15,10.0,0.0002464,0.00953124966048,2.94770771176e-08,665.826275066,0.291516210158,3.43404067986e-09,8.96902595843,1.67510702037,40.4214627979,50.4299609898,0.920485370911,4.0
